model,season,horizon,true_peak_date,pred_peak_date,peak_timing_error_weeks,true_peak_val,pred_peak_val,peak_intensity_error_abs,peak_intensity_error_rel,region
ARIMA,2017-2018,latest,2018-01-28,2018-01-28,0.0,43.19,8.590254444435802,34.5997455555642,-0.8011054770910905,molise
ARIMA,2018-2019,latest,2019-01-27,2019-03-03,5.0,6.23,5.200475038806708,1.0295249611932924,-0.165252802759758,molise
ARIMA,2019-2020,latest,2020-02-02,2020-02-16,2.0,16.61,9.779806278142036,6.830193721857963,-0.4112097364152898,molise
ARIMA,2020-2021,latest,2020-12-06,2021-01-10,5.0,1.21,2.708925937375772,1.498925937375772,1.238781766426258,molise
ARIMA,2021-2022,latest,2021-11-28,2021-11-07,-3.0,1.92,2.548374619527709,0.6283746195277091,0.32727844767068187,molise
ARIMA,2022-2023,latest,2023-01-08,2023-01-15,1.0,6.51,5.45142682241622,1.0585731775837797,-0.16260724694067277,molise
ARIMA,2023-2024,latest,2024-01-07,2024-01-07,0.0,12.33,6.560082224080945,5.769917775919055,-0.46795764605993956,molise
ARIMA,2024-2025,latest,2025-01-12,2025-01-05,-1.0,9.57880434782609,4.337881213742876,5.240923134083213,-0.5471375073312403,molise
CatBoost,2017-2018,latest,2018-01-28,2018-01-28,0.0,43.19,11.68404178081244,31.50595821918756,-0.7294734480015642,molise
CatBoost,2018-2019,latest,2019-01-27,2018-11-04,-12.0,6.23,3.377260748274016,2.8527392517259846,-0.45790357170561546,molise
CatBoost,2019-2020,latest,2020-02-02,2020-02-16,2.0,16.61,7.660314763371859,8.949685236628142,-0.53881307866515,molise
CatBoost,2020-2021,latest,2020-12-06,2021-04-04,17.0,1.21,3.872591614993951,2.6625916149939513,2.2004889380115302,molise
CatBoost,2021-2022,latest,2021-11-28,2022-04-24,21.0,1.92,13.659768432072232,11.739768432072232,6.114462725037621,molise
CatBoost,2022-2023,latest,2023-01-08,2022-11-13,-8.0,6.51,6.150154232537628,0.35984576746237185,-0.05527584753646265,molise
CatBoost,2023-2024,latest,2024-01-07,2024-01-21,2.0,12.33,6.200749773574602,6.129250226425398,-0.4971005860847849,molise
CatBoost,2024-2025,latest,2025-01-12,2024-11-03,-10.0,9.57880434782609,10.774815391898564,1.196011044072474,0.12486016006203414,molise
Chronos-Bolt-small,2017-2018,latest,2018-01-28,2018-01-28,0.0,43.19,2.080518960952759,41.10948103904724,-0.9518286881001908,molise
Chronos-Bolt-small,2018-2019,latest,2019-01-27,2019-03-03,5.0,6.23,1.492110252380371,4.737889747619629,-0.7604959466484156,molise
Chronos-Bolt-small,2019-2020,latest,2020-02-02,2020-02-16,2.0,16.61,12.51470947265625,4.095290527343749,-0.24655572109233892,molise
Chronos-Bolt-small,2020-2021,latest,2020-12-06,2020-12-13,1.0,1.21,3.4354827404022217,2.2254827404022217,1.8392419342167121,molise
Chronos-Bolt-small,2021-2022,latest,2021-11-28,2021-12-12,2.0,1.92,1.3983819484710691,0.5216180515289308,-0.2716760685046515,molise
Chronos-Bolt-small,2022-2023,latest,2023-01-08,2023-01-15,1.0,6.51,6.02269172668457,0.4873082733154295,-0.07485534152310745,molise
Chronos-Bolt-small,2023-2024,latest,2024-01-07,2024-01-07,0.0,12.33,9.793706893920898,2.5362931060791016,-0.20570098183934318,molise
Chronos-Bolt-small,2024-2025,latest,2025-01-12,2025-01-05,-1.0,9.57880434782609,5.91566276550293,3.66314158232316,-0.3824215893035241,molise
Chronos-V2,2017-2018,latest,2018-01-28,2018-01-28,0.0,43.19,3.224483251571656,39.96551674842834,-0.9253419020242728,molise
Chronos-V2,2018-2019,latest,2019-01-27,2019-03-03,5.0,6.23,2.8832457065582275,3.346754293441773,-0.5371997260741208,molise
Chronos-V2,2019-2020,latest,2020-02-02,2020-02-16,2.0,16.61,14.446500778198242,2.1634992218017572,-0.1302528128718698,molise
Chronos-V2,2020-2021,latest,2020-12-06,2021-04-04,17.0,1.21,4.045895099639893,2.8358950996398926,2.3437149583800765,molise
Chronos-V2,2021-2022,latest,2021-11-28,2022-04-24,21.0,1.92,1.1684120893478394,0.7515879106521606,-0.39145203679800034,molise
Chronos-V2,2022-2023,latest,2023-01-08,2023-01-15,1.0,6.51,5.661552429199219,0.848447570800781,-0.13032988798783118,molise
Chronos-V2,2023-2024,latest,2024-01-07,2024-01-07,0.0,12.33,9.028533935546877,3.3014660644531233,-0.2677588049029297,molise
Chronos-V2,2024-2025,latest,2025-01-12,2025-02-23,6.0,9.57880434782609,6.557677268981934,3.021127078844156,-0.31539709645805647,molise
Drift,2017-2018,latest,2018-01-28,2018-03-18,7.0,43.19,20.32128205128205,22.868717948717947,-0.5294910384051389,molise
Drift,2018-2019,latest,2019-01-27,2019-04-21,12.0,6.23,5.348297872340425,0.8817021276595751,-0.1415252211331581,molise
Drift,2019-2020,latest,2020-02-02,2020-03-08,5.0,16.61,16.12867924528302,0.4813207547169789,-0.02897776969999873,molise
Drift,2020-2021,latest,2020-12-06,2020-12-13,1.0,1.21,16.42735849056604,15.217358490566038,12.576329331046313,molise
Drift,2021-2022,latest,2021-11-28,2022-01-30,9.0,1.92,1.7970491803278688,0.12295081967213117,-0.06403688524590166,molise
Drift,2022-2023,latest,2023-01-08,2023-03-05,8.0,6.51,6.698695652173913,0.18869565217391315,0.02898550724637683,molise
Drift,2023-2024,latest,2024-01-07,2024-03-10,9.0,12.33,10.400133333333336,1.9298666666666637,-0.1565179778318462,molise
Drift,2024-2025,latest,2025-01-12,2025-02-23,6.0,9.57880434782609,5.827148283982673,3.7516560638434164,-0.39166225006932676,molise
ETS,2017-2018,latest,2018-01-28,2018-01-28,0.0,43.19,10.833011694769947,32.35698830523005,-0.7491777796997001,molise
ETS,2018-2019,latest,2019-01-27,2019-03-03,5.0,6.23,4.292816125348038,1.9371838746519625,-0.3109444421592235,molise
ETS,2019-2020,latest,2020-02-02,2020-02-16,2.0,16.61,14.76250340496616,1.8474965950338387,-0.1112279708027597,molise
ETS,2020-2021,latest,2020-12-06,2020-12-13,1.0,1.21,14.76250340496616,13.55250340496616,11.200416037162116,molise
ETS,2021-2022,latest,2021-11-28,2021-12-12,2.0,1.92,1.6523096233476726,0.2676903766523273,-0.13942207117308714,molise
ETS,2022-2023,latest,2023-01-08,2023-01-15,1.0,6.51,6.082943237675083,0.4270567623249164,-0.0656001171006016,molise
ETS,2023-2024,latest,2024-01-07,2024-01-07,0.0,12.33,8.556108965527168,3.7738910344728325,-0.306073887629589,molise
ETS,2024-2025,latest,2025-01-12,2025-03-02,7.0,9.57880434782609,5.37729390004399,4.201510447782099,-0.43862577156987576,molise
LightGBM,2017-2018,latest,2018-01-28,2018-01-28,0.0,43.19,7.699253125585469,35.490746874414526,-0.8217352830380766,molise
LightGBM,2018-2019,latest,2019-01-27,2018-12-02,-8.0,6.23,8.478633943057353,2.248633943057353,0.36093642745703897,molise
LightGBM,2019-2020,latest,2020-02-02,2020-02-09,1.0,16.61,13.38859264914652,3.221407350853479,-0.1939438501416905,molise
LightGBM,2020-2021,latest,2020-12-06,2020-12-13,1.0,1.21,6.130534017651742,4.920534017651742,4.066557039381605,molise
LightGBM,2021-2022,latest,2021-11-28,2022-04-24,21.0,1.92,13.0425305251674,11.1225305251674,5.792984648524688,molise
LightGBM,2022-2023,latest,2023-01-08,2022-11-13,-8.0,6.51,7.415864925608315,0.9058649256083156,0.13914975815795938,molise
LightGBM,2023-2024,latest,2024-01-07,2024-01-07,0.0,12.33,6.317389560318329,6.012610439681671,-0.48764074936591006,molise
LightGBM,2024-2025,latest,2025-01-12,2024-11-03,-10.0,9.57880434782609,17.84614700075286,8.267342652926772,0.8630871195112202,molise
MovingAverage,2017-2018,latest,2018-01-28,2018-03-25,8.0,43.19,2.726153846153846,40.46384615384615,-0.9368799757778687,molise
MovingAverage,2018-2019,latest,2019-01-27,2019-04-28,13.0,6.23,3.275192307692308,2.9548076923076922,-0.47428694900605006,molise
MovingAverage,2019-2020,latest,2020-02-02,2019-12-22,-6.0,16.61,3.48576923076923,13.12423076923077,-0.7901403232529062,molise
MovingAverage,2020-2021,latest,2020-12-06,2020-12-20,2.0,1.21,3.39,2.18,1.8016528925619837,molise
MovingAverage,2021-2022,latest,2021-11-28,2021-11-07,-3.0,1.92,2.9611538461538465,1.0411538461538465,0.5422676282051284,molise
MovingAverage,2022-2023,latest,2023-01-08,2022-11-13,-8.0,6.51,2.1928846153846155,4.317115384615384,-0.663151364764268,molise
MovingAverage,2023-2024,latest,2024-01-07,2024-03-17,10.0,12.33,3.32326923076923,9.00673076923077,-0.7304728928816522,molise
MovingAverage,2024-2025,latest,2025-01-12,2025-03-02,7.0,9.57880434782609,4.04851048856141,5.530293859264679,-0.5773469901303266,molise
Naive,2017-2018,latest,2018-01-28,2018-01-28,0.0,43.19,19.33,23.86,-0.5524426950683029,molise
Naive,2018-2019,latest,2019-01-27,2019-03-03,5.0,6.23,5.13,1.1000000000000005,-0.17656500802568226,molise
Naive,2019-2020,latest,2020-02-02,2020-02-16,2.0,16.61,15.83,0.7799999999999994,-0.04695966285370255,molise
Naive,2020-2021,latest,2020-12-06,2020-12-13,1.0,1.21,15.83,14.620000000000001,12.082644628099175,molise
Naive,2021-2022,latest,2021-11-28,2021-12-12,2.0,1.92,1.74,0.17999999999999994,-0.09374999999999997,molise
Naive,2022-2023,latest,2023-01-08,2023-01-15,1.0,6.51,6.51,0.0,0.0,molise
Naive,2023-2024,latest,2024-01-07,2024-01-07,0.0,12.33,10.13,2.1999999999999993,-0.17842660178426595,molise
Naive,2024-2025,latest,2025-01-12,2025-01-05,-1.0,9.57880434782609,5.68673507232044,3.8920692755056496,-0.4063209910315117,molise
Prophet,2017-2018,latest,2018-01-28,2018-02-04,1.0,43.19,5.98940010655209,37.20059989344791,-0.8613243781766129,molise
Prophet,2018-2019,latest,2019-01-27,2019-03-03,5.0,6.23,3.93864350214154,2.2913564978584606,-0.36779398039461647,molise
Prophet,2019-2020,latest,2020-02-02,2020-01-12,-3.0,16.61,7.40768207666147,9.20231792333853,-0.5540227527596948,molise
Prophet,2020-2021,latest,2020-12-06,2021-04-04,17.0,1.21,5.116663580605019,3.906663580605019,3.2286475872768756,molise
Prophet,2021-2022,latest,2021-11-28,2022-04-10,19.0,1.92,11.015007156656695,9.095007156656695,4.736982894092029,molise
Prophet,2022-2023,latest,2023-01-08,2023-04-02,12.0,6.51,3.4283488291514788,3.081651170848521,-0.47337191564493414,molise
Prophet,2023-2024,latest,2024-01-07,2024-04-14,14.0,12.33,5.29691139457569,7.03308860542431,-0.5704045908697737,molise
Prophet,2024-2025,latest,2025-01-12,2024-11-03,-10.0,9.57880434782609,7.394533648186835,2.1842706996392547,-0.22803166452971504,molise
Ridge,2017-2018,latest,2018-01-28,2018-01-28,0.0,43.19,11.093840217155153,32.09615978284484,-0.7431386844835575,molise
Ridge,2018-2019,latest,2019-01-27,2019-03-03,5.0,6.23,4.691621464121064,1.5383785358789366,-0.24693074412181965,molise
Ridge,2019-2020,latest,2020-02-02,2020-01-12,-3.0,16.61,15.695487669405727,0.9145123305942722,-0.05505793682084721,molise
Ridge,2020-2021,latest,2020-12-06,2021-04-04,17.0,1.21,3.231594227004014,2.021594227004014,1.67073903058183,molise
Ridge,2021-2022,latest,2021-11-28,2022-04-24,21.0,1.92,6.262922494147976,4.3429224941479765,2.2619387990354043,molise
Ridge,2022-2023,latest,2023-01-08,2023-01-15,1.0,6.51,5.852439599988187,0.6575604000118132,-0.10100774193729849,molise
Ridge,2023-2024,latest,2024-01-07,2024-01-07,0.0,12.33,6.282404224538528,6.047595775461472,-0.4904781650820334,molise
Ridge,2024-2025,latest,2025-01-12,2025-01-05,-1.0,9.57880434782609,4.839278034716436,4.739526313109653,-0.49479310162392964,molise
SARIMA,2017-2018,latest,2018-01-28,2018-01-28,0.0,43.19,8.590254444435802,34.5997455555642,-0.8011054770910905,molise
SARIMA,2018-2019,latest,2019-01-27,2019-03-03,5.0,6.23,5.200475038806708,1.0295249611932924,-0.165252802759758,molise
SARIMA,2019-2020,latest,2020-02-02,2020-02-16,2.0,16.61,9.779806278142036,6.830193721857963,-0.4112097364152898,molise
SARIMA,2020-2021,latest,2020-12-06,2021-01-10,5.0,1.21,2.708925937375772,1.498925937375772,1.238781766426258,molise
SARIMA,2021-2022,latest,2021-11-28,2022-04-24,21.0,1.92,3.5276370712730327,1.6076370712730328,0.8373109746213713,molise
SARIMA,2022-2023,latest,2023-01-08,2023-01-15,1.0,6.51,5.4159054212199305,1.0940945787800693,-0.16806368337635474,molise
SARIMA,2023-2024,latest,2024-01-07,2024-01-07,0.0,12.33,6.792531529669821,5.537468470330179,-0.4491053098402416,molise
SARIMA,2024-2025,latest,2025-01-12,2025-01-05,-1.0,9.57880434782609,4.357372314912719,5.221432032913371,-0.5451026916630127,molise
SeasonalNaive,2017-2018,latest,2018-01-28,2018-04-01,9.0,43.19,2.09,41.099999999999994,-0.9516091687890714,molise
SeasonalNaive,2018-2019,latest,2019-01-27,2019-01-06,-3.0,6.23,4.22,2.0100000000000007,-0.32263242375601936,molise
SeasonalNaive,2019-2020,latest,2020-02-02,2020-01-12,-3.0,16.61,19.33,2.719999999999999,0.16375677302829614,molise
SeasonalNaive,2020-2021,latest,2020-12-06,2021-04-04,17.0,1.21,6.23,5.0200000000000005,4.148760330578513,molise
SeasonalNaive,2021-2022,latest,2021-11-28,2022-04-24,21.0,1.92,15.83,13.91,7.244791666666667,molise
SeasonalNaive,2022-2023,latest,2023-01-08,2022-11-13,-8.0,6.51,6.24,0.2699999999999996,-0.04147465437788012,molise
SeasonalNaive,2023-2024,latest,2024-01-07,2023-12-03,-5.0,12.33,1.74,10.59,-0.8588807785888077,molise
SeasonalNaive,2024-2025,latest,2025-01-12,2025-01-26,2.0,9.57880434782609,6.51,3.06880434782609,-0.3203744680851066,molise
TiRex,2017-2018,latest,2018-01-28,2018-01-28,0.0,43.19,6.713955879211426,36.47604412078857,-0.8445483704743824,molise
TiRex,2018-2019,latest,2019-01-27,2019-03-03,5.0,6.23,2.700345754623413,3.5296542453765873,-0.5665576637843639,molise
TiRex,2019-2020,latest,2020-02-02,2020-02-16,2.0,16.61,14.007734298706056,2.602265701293943,-0.15666861536989424,molise
TiRex,2020-2021,latest,2020-12-06,2020-12-13,1.0,1.21,4.125251770019531,2.9152517700195313,2.409298983487216,molise
TiRex,2021-2022,latest,2021-11-28,2021-12-12,2.0,1.92,1.493992567062378,0.426007432937622,-0.22187887132167813,molise
TiRex,2022-2023,latest,2023-01-08,2023-01-15,1.0,6.51,5.840961456298828,0.6690385437011717,-0.10277089764994957,molise
TiRex,2023-2024,latest,2024-01-07,2024-01-07,0.0,12.33,8.935311317443848,3.3946886825561524,-0.275319438974546,molise
TiRex,2024-2025,latest,2025-01-12,2025-01-05,-1.0,9.57880434782609,5.49665641784668,4.08214792997941,-0.4261646633283468,molise
TimeGPT,2017-2018,latest,2018-01-28,2018-01-28,0.0,43.19,8.695765,34.494234999999996,-0.79866253762445,molise
TimeGPT,2018-2019,latest,2019-01-27,2019-03-03,5.0,6.23,4.793495,1.4365050000000004,-0.2305786516853933,molise
TimeGPT,2019-2020,latest,2020-02-02,2020-02-16,2.0,16.61,13.26387,3.3461299999999987,-0.2014527393136664,molise
TimeGPT,2020-2021,latest,2020-12-06,2020-12-13,1.0,1.21,5.8481846,4.6381846,3.8332104132231404,molise
TimeGPT,2021-2022,latest,2021-11-28,2022-04-24,21.0,1.92,4.9202533,3.0002533,1.5626319270833333,molise
TimeGPT,2022-2023,latest,2023-01-08,2023-01-15,1.0,6.51,5.6458707,0.8641293000000001,-0.13273875576036867,molise
TimeGPT,2023-2024,latest,2024-01-07,2024-01-07,0.0,12.33,8.856958,3.4730419999999995,-0.28167412814274123,molise
TimeGPT,2024-2025,latest,2025-01-12,2025-03-23,10.0,9.57880434782609,5.899976,3.67882834782609,-0.3840592431205676,molise
TimesFM,2017-2018,latest,2018-01-28,2018-01-28,0.0,43.19,5.987718105316162,37.202281894683836,-0.8613633224052752,molise
TimesFM,2018-2019,latest,2019-01-27,2019-03-03,5.0,6.23,1.962798237800598,4.267201762199402,-0.684944103081766,molise
TimesFM,2019-2020,latest,2020-02-02,2020-02-16,2.0,16.61,13.041703224182127,3.5682967758178723,-0.21482822250559136,molise
TimesFM,2020-2021,latest,2020-12-06,2020-12-13,1.0,1.21,4.3043646812438965,3.0943646812438965,2.5573261828461957,molise
TimesFM,2021-2022,latest,2021-11-28,2022-04-03,18.0,1.92,1.3104348182678225,0.6095651817321774,-0.3174818654855091,molise
TimesFM,2022-2023,latest,2023-01-08,2023-01-15,1.0,6.51,4.846942901611328,1.6630570983886717,-0.255461919875372,molise
TimesFM,2023-2024,latest,2024-01-07,2024-01-07,0.0,12.33,7.192625045776367,5.137374954223633,-0.41665652507896456,molise
TimesFM,2024-2025,latest,2025-01-12,2025-01-05,-1.0,9.57880434782609,5.283010005950928,4.295794341875162,-0.44846874264115155,molise
XGBoost,2017-2018,latest,2018-01-28,2018-01-28,0.0,43.19,8.952347755432129,34.23765224456787,-0.7927217468063874,molise
XGBoost,2018-2019,latest,2019-01-27,2019-03-03,5.0,6.23,4.193226337432861,2.036773662567139,-0.32692996188878637,molise
XGBoost,2019-2020,latest,2020-02-02,2020-03-08,5.0,16.61,8.173495292663574,8.436504707336425,-0.5079172009233248,molise
XGBoost,2020-2021,latest,2020-12-06,2020-12-13,1.0,1.21,6.836106300354004,5.626106300354004,4.649674628391739,molise
XGBoost,2021-2022,latest,2021-11-28,2022-03-27,17.0,1.92,14.489330291748049,12.569330291748049,6.546526193618775,molise
XGBoost,2022-2023,latest,2023-01-08,2023-03-05,8.0,6.51,5.700181007385254,0.8098189926147459,-0.12439615861977664,molise
XGBoost,2023-2024,latest,2024-01-07,2024-02-04,4.0,12.33,7.726130962371826,4.603869037628174,-0.37338759429263374,molise
XGBoost,2024-2025,latest,2025-01-12,2024-11-03,-10.0,9.57880434782609,10.31753921508789,0.738734867261801,0.0771218244403809,molise
ARIMA,2017-2018,1,2018-01-28,2018-01-28,0.0,43.19,8.590254444435802,34.5997455555642,-0.8011054770910905,molise
ARIMA,2018-2019,1,2019-01-27,2019-03-03,5.0,6.23,5.200475038806708,1.0295249611932924,-0.165252802759758,molise
ARIMA,2019-2020,1,2020-02-02,2020-02-16,2.0,16.61,9.779806278142036,6.830193721857963,-0.4112097364152898,molise
ARIMA,2020-2021,1,2020-12-06,2020-12-20,2.0,1.21,2.536220250190384,1.3262202501903841,1.096049793545772,molise
ARIMA,2021-2022,1,2021-11-28,2021-12-12,2.0,1.92,2.41088067968222,0.49088067968222004,0.25566702066782293,molise
ARIMA,2022-2023,1,2023-01-08,2023-01-15,1.0,6.51,5.45142682241622,1.0585731775837797,-0.16260724694067277,molise
ARIMA,2023-2024,1,2024-01-07,2024-01-07,0.0,12.33,6.560082224080945,5.769917775919055,-0.46795764605993956,molise
ARIMA,2024-2025,1,2025-01-12,2025-01-05,-1.0,9.57880434782609,4.337881213742876,5.240923134083213,-0.5471375073312403,molise
CatBoost,2017-2018,1,2018-01-28,2018-01-28,0.0,43.19,11.68404178081244,31.50595821918756,-0.7294734480015642,molise
CatBoost,2018-2019,1,2019-01-27,2019-03-03,5.0,6.23,2.289321036240121,3.9406789637598796,-0.6325327389662727,molise
CatBoost,2019-2020,1,2020-02-02,2020-02-16,2.0,16.61,7.660314763371859,8.949685236628142,-0.53881307866515,molise
CatBoost,2020-2021,1,2020-12-06,2021-02-14,10.0,1.21,1.289607884583167,0.07960788458316714,0.06579164015137781,molise
CatBoost,2021-2022,1,2021-11-28,2022-04-03,18.0,1.92,5.143734090396787,3.2237340903967873,1.67902817208166,molise
CatBoost,2022-2023,1,2023-01-08,2023-01-15,1.0,6.51,5.572397898438423,0.937602101561577,-0.14402490039348342,molise
CatBoost,2023-2024,1,2024-01-07,2024-01-07,0.0,12.33,4.071098111194486,8.258901888805514,-0.6698217265860109,molise
CatBoost,2024-2025,1,2025-01-12,2025-01-05,-1.0,9.57880434782609,4.3106975893749,5.268106758451189,-0.5499754005985921,molise
Chronos-Bolt-small,2017-2018,1,2018-01-28,2018-01-28,0.0,43.19,2.080518960952759,41.10948103904724,-0.9518286881001908,molise
Chronos-Bolt-small,2018-2019,1,2019-01-27,2019-03-03,5.0,6.23,1.492110252380371,4.737889747619629,-0.7604959466484156,molise
Chronos-Bolt-small,2019-2020,1,2020-02-02,2020-02-16,2.0,16.61,12.51470947265625,4.095290527343749,-0.24655572109233892,molise
Chronos-Bolt-small,2020-2021,1,2020-12-06,2020-12-20,2.0,1.21,0.62662672996521,0.58337327003479,-0.4821266694502397,molise
Chronos-Bolt-small,2021-2022,1,2021-11-28,2021-12-12,2.0,1.92,1.3983819484710691,0.5216180515289308,-0.2716760685046515,molise
Chronos-Bolt-small,2022-2023,1,2023-01-08,2023-01-15,1.0,6.51,6.02269172668457,0.4873082733154295,-0.07485534152310745,molise
Chronos-Bolt-small,2023-2024,1,2024-01-07,2024-01-07,0.0,12.33,9.793706893920898,2.5362931060791016,-0.20570098183934318,molise
Chronos-Bolt-small,2024-2025,1,2025-01-12,2025-01-05,-1.0,9.57880434782609,5.91566276550293,3.66314158232316,-0.3824215893035241,molise
Chronos-V2,2017-2018,1,2018-01-28,2018-01-28,0.0,43.19,3.224483251571656,39.96551674842834,-0.9253419020242728,molise
Chronos-V2,2018-2019,1,2019-01-27,2019-03-03,5.0,6.23,2.8832457065582275,3.346754293441773,-0.5371997260741208,molise
Chronos-V2,2019-2020,1,2020-02-02,2020-02-16,2.0,16.61,14.446500778198242,2.1634992218017572,-0.1302528128718698,molise
Chronos-V2,2020-2021,1,2020-12-06,2021-02-14,10.0,1.21,0.3310420513153076,0.8789579486846923,-0.7264115278385888,molise
Chronos-V2,2021-2022,1,2021-11-28,2022-04-03,18.0,1.92,1.0852586030960083,0.8347413969039916,-0.434761144220829,molise
Chronos-V2,2022-2023,1,2023-01-08,2023-01-15,1.0,6.51,5.661552429199219,0.848447570800781,-0.13032988798783118,molise
Chronos-V2,2023-2024,1,2024-01-07,2024-01-07,0.0,12.33,9.028533935546877,3.3014660644531233,-0.2677588049029297,molise
Chronos-V2,2024-2025,1,2025-01-12,2025-01-05,-1.0,9.57880434782609,5.789880752563477,3.788923595262613,-0.39555287462599753,molise
Drift,2017-2018,1,2018-01-28,2018-01-28,0.0,43.19,19.453910256410254,23.736089743589744,-0.5495737379854074,molise
Drift,2018-2019,1,2019-01-27,2019-03-03,5.0,6.23,5.1572872340425535,1.072712765957447,-0.17218503466411667,molise
Drift,2019-2020,1,2020-02-02,2020-02-16,2.0,16.61,15.904669811320757,0.7053301886792429,-0.04246418956527652,molise
Drift,2020-2021,1,2020-12-06,2020-12-20,2.0,1.21,0.9241818181818182,0.28581818181818175,-0.236213373403456,molise
Drift,2021-2022,1,2021-11-28,2021-12-12,2.0,1.92,1.7471311475409836,0.1728688524590163,-0.09003586065573765,molise
Drift,2022-2023,1,2023-01-08,2023-01-15,1.0,6.51,6.533586956521739,0.023586956521739033,0.0036231884057970867,molise
Drift,2023-2024,1,2024-01-07,2024-01-07,0.0,12.33,10.163766666666668,2.1662333333333326,-0.1756880237902135,molise
Drift,2024-2025,1,2025-01-12,2025-01-05,-1.0,9.57880434782609,5.704286723778219,3.8745176240478703,-0.40448864841123855,molise
ETS,2017-2018,1,2018-01-28,2018-01-28,0.0,43.19,10.833011694769947,32.35698830523005,-0.7491777796997001,molise
ETS,2018-2019,1,2019-01-27,2019-03-03,5.0,6.23,4.292816125348038,1.9371838746519625,-0.3109444421592235,molise
ETS,2019-2020,1,2020-02-02,2020-02-16,2.0,16.61,14.76250340496616,1.8474965950338387,-0.1112279708027597,molise
ETS,2020-2021,1,2020-12-06,2020-12-20,2.0,1.21,1.0692350459169866,0.14076495408301337,-0.11633467279587882,molise
ETS,2021-2022,1,2021-11-28,2021-12-12,2.0,1.92,1.6523096233476726,0.2676903766523273,-0.13942207117308714,molise
ETS,2022-2023,1,2023-01-08,2023-01-15,1.0,6.51,6.082943237675083,0.4270567623249164,-0.0656001171006016,molise
ETS,2023-2024,1,2024-01-07,2024-01-07,0.0,12.33,8.556108965527168,3.7738910344728325,-0.306073887629589,molise
ETS,2024-2025,1,2025-01-12,2025-03-02,7.0,9.57880434782609,5.37729390004399,4.201510447782099,-0.43862577156987576,molise
LightGBM,2017-2018,1,2018-01-28,2018-01-28,0.0,43.19,7.699253125585469,35.490746874414526,-0.8217352830380766,molise
LightGBM,2018-2019,1,2019-01-27,2019-03-03,5.0,6.23,6.379840792309438,0.1498407923094378,0.024051491542445874,molise
LightGBM,2019-2020,1,2020-02-02,2020-02-16,2.0,16.61,10.970557799305064,5.639442200694935,-0.3395209031122779,molise
LightGBM,2020-2021,1,2020-12-06,2020-12-20,2.0,1.21,0.1233092538365394,1.0866907461634605,-0.898091525754926,molise
LightGBM,2021-2022,1,2021-11-28,2022-04-03,18.0,1.92,4.261754114280103,2.3417541142801035,1.219663601187554,molise
LightGBM,2022-2023,1,2023-01-08,2023-01-15,1.0,6.51,6.85213220094007,0.34213220094007024,0.05255486957604766,molise
LightGBM,2023-2024,1,2024-01-07,2024-01-07,0.0,12.33,6.317389560318329,6.012610439681671,-0.48764074936591006,molise
LightGBM,2024-2025,1,2025-01-12,2025-03-02,7.0,9.57880434782609,4.136732315660856,5.442072032165234,-0.5681368816558313,molise
MovingAverage,2017-2018,1,2018-01-28,2018-03-25,8.0,43.19,2.726153846153846,40.46384615384615,-0.9368799757778687,molise
MovingAverage,2018-2019,1,2019-01-27,2019-04-28,13.0,6.23,3.275192307692308,2.9548076923076922,-0.47428694900605006,molise
MovingAverage,2019-2020,1,2020-02-02,2019-12-22,-6.0,16.61,3.48576923076923,13.12423076923077,-0.7901403232529062,molise
MovingAverage,2020-2021,1,2020-12-06,2020-12-20,2.0,1.21,3.39,2.18,1.8016528925619837,molise
MovingAverage,2021-2022,1,2021-11-28,2021-12-12,2.0,1.92,2.5044230769230773,0.5844230769230774,0.3043870192307695,molise
MovingAverage,2022-2023,1,2023-01-08,2023-03-12,9.0,6.51,1.7371153846153846,4.772884615384616,-0.7331619992910317,molise
MovingAverage,2023-2024,1,2024-01-07,2024-03-17,10.0,12.33,3.32326923076923,9.00673076923077,-0.7304728928816522,molise
MovingAverage,2024-2025,1,2025-01-12,2025-03-02,7.0,9.57880434782609,4.04851048856141,5.530293859264679,-0.5773469901303266,molise
Naive,2017-2018,1,2018-01-28,2018-01-28,0.0,43.19,19.33,23.86,-0.5524426950683029,molise
Naive,2018-2019,1,2019-01-27,2019-03-03,5.0,6.23,5.13,1.1000000000000005,-0.17656500802568226,molise
Naive,2019-2020,1,2020-02-02,2020-02-16,2.0,16.61,15.83,0.7799999999999994,-0.04695966285370255,molise
Naive,2020-2021,1,2020-12-06,2020-12-20,2.0,1.21,0.92,0.2899999999999999,-0.23966942148760326,molise
Naive,2021-2022,1,2021-11-28,2021-12-12,2.0,1.92,1.74,0.17999999999999994,-0.09374999999999997,molise
Naive,2022-2023,1,2023-01-08,2023-01-15,1.0,6.51,6.51,0.0,0.0,molise
Naive,2023-2024,1,2024-01-07,2024-01-07,0.0,12.33,10.13,2.1999999999999993,-0.17842660178426595,molise
Naive,2024-2025,1,2025-01-12,2025-01-05,-1.0,9.57880434782609,5.68673507232044,3.8920692755056496,-0.4063209910315117,molise
Prophet,2017-2018,1,2018-01-28,2018-01-28,0.0,43.19,4.7447471746289525,38.44525282537104,-0.8901424594899524,molise
Prophet,2018-2019,1,2019-01-27,2019-03-03,5.0,6.23,3.93864350214154,2.2913564978584606,-0.36779398039461647,molise
Prophet,2019-2020,1,2020-02-02,2020-02-16,2.0,16.61,3.944244588938139,12.66575541106186,-0.7625379537063132,molise
Prophet,2020-2021,1,2020-12-06,2021-04-11,18.0,1.21,3.667854932434243,2.457854932434243,2.0312850681274734,molise
Prophet,2021-2022,1,2021-11-28,2022-04-03,18.0,1.92,8.673091379112591,6.7530913791125915,3.517235093287808,molise
Prophet,2022-2023,1,2023-01-08,2023-03-12,9.0,6.51,1.5041653258106888,5.005834674189311,-0.7689454184622597,molise
Prophet,2023-2024,1,2024-01-07,2023-11-12,-8.0,12.33,3.22768535778444,9.10231464221556,-0.7382250318098589,molise
Prophet,2024-2025,1,2025-01-12,2024-11-10,-9.0,9.57880434782609,4.534707647581976,5.044096700244114,-0.5265893860113002,molise
Ridge,2017-2018,1,2018-01-28,2018-01-28,0.0,43.19,11.093840217155153,32.09615978284484,-0.7431386844835575,molise
Ridge,2018-2019,1,2019-01-27,2019-03-03,5.0,6.23,4.691621464121064,1.5383785358789366,-0.24693074412181965,molise
Ridge,2019-2020,1,2020-02-02,2020-02-16,2.0,16.61,10.90320019477959,5.70679980522041,-0.34357614721375135,molise
Ridge,2020-2021,1,2020-12-06,2021-02-14,10.0,1.21,1.936622403871604,0.726622403871604,0.600514383364962,molise
Ridge,2021-2022,1,2021-11-28,2022-04-03,18.0,1.92,3.3012365450673493,1.3812365450673494,0.7193940338892445,molise
Ridge,2022-2023,1,2023-01-08,2023-01-15,1.0,6.51,5.852439599988187,0.6575604000118132,-0.10100774193729849,molise
Ridge,2023-2024,1,2024-01-07,2024-01-07,0.0,12.33,6.282404224538528,6.047595775461472,-0.4904781650820334,molise
Ridge,2024-2025,1,2025-01-12,2025-01-05,-1.0,9.57880434782609,4.839278034716436,4.739526313109653,-0.49479310162392964,molise
SARIMA,2017-2018,1,2018-01-28,2018-01-28,0.0,43.19,8.590254444435802,34.5997455555642,-0.8011054770910905,molise
SARIMA,2018-2019,1,2019-01-27,2019-03-03,5.0,6.23,5.200475038806708,1.0295249611932924,-0.165252802759758,molise
SARIMA,2019-2020,1,2020-02-02,2020-02-16,2.0,16.61,9.779806278142036,6.830193721857963,-0.4112097364152898,molise
SARIMA,2020-2021,1,2020-12-06,2020-12-20,2.0,1.21,2.536220250190384,1.3262202501903841,1.096049793545772,molise
SARIMA,2021-2022,1,2021-11-28,2021-12-12,2.0,1.92,2.501737163754393,0.5817371637543931,0.30298810612207977,molise
SARIMA,2022-2023,1,2023-01-08,2023-01-15,1.0,6.51,5.4159054212199305,1.0940945787800693,-0.16806368337635474,molise
SARIMA,2023-2024,1,2024-01-07,2024-01-07,0.0,12.33,6.792531529669821,5.537468470330179,-0.4491053098402416,molise
SARIMA,2024-2025,1,2025-01-12,2025-01-05,-1.0,9.57880434782609,4.357372314912719,5.221432032913371,-0.5451026916630127,molise
SeasonalNaive,2017-2018,1,2018-01-28,2018-01-28,0.0,43.19,0.0,43.19,-1.0,molise
SeasonalNaive,2018-2019,1,2019-01-27,2019-01-06,-3.0,6.23,4.22,2.0100000000000007,-0.32263242375601936,molise
SeasonalNaive,2019-2020,1,2020-02-02,2019-12-22,-6.0,16.61,0.0,16.61,-1.0,molise
SeasonalNaive,2020-2021,1,2020-12-06,2021-04-11,18.0,1.21,5.56,4.35,3.5950413223140494,molise
SeasonalNaive,2021-2022,1,2021-11-28,2022-04-03,18.0,1.92,9.03,7.109999999999999,3.703125,molise
SeasonalNaive,2022-2023,1,2023-01-08,2022-11-20,-7.0,6.51,0.67,5.84,-0.8970814132104454,molise
SeasonalNaive,2023-2024,1,2024-01-07,2023-11-12,-8.0,12.33,1.72,10.61,-0.8605028386050283,molise
SeasonalNaive,2024-2025,1,2025-01-12,2025-01-05,-1.0,9.57880434782609,6.39,3.18880434782609,-0.33290212765957466,molise
TiRex,2017-2018,1,2018-01-28,2018-01-28,0.0,43.19,6.713955879211426,36.47604412078857,-0.8445483704743824,molise
TiRex,2018-2019,1,2019-01-27,2019-03-03,5.0,6.23,2.700345754623413,3.5296542453765873,-0.5665576637843639,molise
TiRex,2019-2020,1,2020-02-02,2020-02-16,2.0,16.61,14.007734298706056,2.602265701293943,-0.15666861536989424,molise
TiRex,2020-2021,1,2020-12-06,2020-12-20,2.0,1.21,0.8366899490356445,0.37331005096435543,-0.3085207032763268,molise
TiRex,2021-2022,1,2021-11-28,2021-12-12,2.0,1.92,1.493992567062378,0.426007432937622,-0.22187887132167813,molise
TiRex,2022-2023,1,2023-01-08,2023-01-15,1.0,6.51,5.840961456298828,0.6690385437011717,-0.10277089764994957,molise
TiRex,2023-2024,1,2024-01-07,2024-01-07,0.0,12.33,8.935311317443848,3.3946886825561524,-0.275319438974546,molise
TiRex,2024-2025,1,2025-01-12,2025-01-05,-1.0,9.57880434782609,5.49665641784668,4.08214792997941,-0.4261646633283468,molise
TimeGPT,2017-2018,1,2018-01-28,2018-01-28,0.0,43.19,8.695765,34.494234999999996,-0.79866253762445,molise
TimeGPT,2018-2019,1,2019-01-27,2019-03-03,5.0,6.23,4.793495,1.4365050000000004,-0.2305786516853933,molise
TimeGPT,2019-2020,1,2020-02-02,2020-02-16,2.0,16.61,13.26387,3.3461299999999987,-0.2014527393136664,molise
TimeGPT,2020-2021,1,2020-12-06,2020-12-20,2.0,1.21,0.8678681,0.34213189999999993,-0.2827536363636363,molise
TimeGPT,2021-2022,1,2021-11-28,2022-04-03,18.0,1.92,2.53914,0.6191400000000002,0.32246875000000014,molise
TimeGPT,2022-2023,1,2023-01-08,2023-01-15,1.0,6.51,5.6458707,0.8641293000000001,-0.13273875576036867,molise
TimeGPT,2023-2024,1,2024-01-07,2024-01-07,0.0,12.33,8.856958,3.4730419999999995,-0.28167412814274123,molise
TimeGPT,2024-2025,1,2025-01-12,2025-01-05,-1.0,9.57880434782609,5.20373,4.375074347826089,-0.45674535035461006,molise
TimesFM,2017-2018,1,2018-01-28,2018-01-28,0.0,43.19,5.987718105316162,37.202281894683836,-0.8613633224052752,molise
TimesFM,2018-2019,1,2019-01-27,2019-03-03,5.0,6.23,1.962798237800598,4.267201762199402,-0.684944103081766,molise
TimesFM,2019-2020,1,2020-02-02,2020-02-16,2.0,16.61,13.041703224182127,3.5682967758178723,-0.21482822250559136,molise
TimesFM,2020-2021,1,2020-12-06,2020-12-20,2.0,1.21,1.1085946559906006,0.10140534400939938,-0.08380606942925568,molise
TimesFM,2021-2022,1,2021-11-28,2022-04-03,18.0,1.92,1.3104348182678225,0.6095651817321774,-0.3174818654855091,molise
TimesFM,2022-2023,1,2023-01-08,2023-01-15,1.0,6.51,4.846942901611328,1.6630570983886717,-0.255461919875372,molise
TimesFM,2023-2024,1,2024-01-07,2024-01-07,0.0,12.33,7.192625045776367,5.137374954223633,-0.41665652507896456,molise
TimesFM,2024-2025,1,2025-01-12,2025-01-05,-1.0,9.57880434782609,5.283010005950928,4.295794341875162,-0.44846874264115155,molise
XGBoost,2017-2018,1,2018-01-28,2018-01-28,0.0,43.19,8.952347755432129,34.23765224456787,-0.7927217468063874,molise
XGBoost,2018-2019,1,2019-01-27,2019-03-03,5.0,6.23,4.193226337432861,2.036773662567139,-0.32692996188878637,molise
XGBoost,2019-2020,1,2020-02-02,2020-02-16,2.0,16.61,7.033824443817139,9.57617555618286,-0.5765307378797628,molise
XGBoost,2020-2021,1,2020-12-06,2021-02-14,10.0,1.21,0.7338724732398987,0.4761275267601013,-0.39349382376867875,molise
XGBoost,2021-2022,1,2021-11-28,2021-12-12,2.0,1.92,1.0424308776855469,0.877569122314453,-0.45706725120544434,molise
XGBoost,2022-2023,1,2023-01-08,2023-01-15,1.0,6.51,4.671677589416504,1.8383224105834959,-0.2823843948668965,molise
XGBoost,2023-2024,1,2024-01-07,2024-01-07,0.0,12.33,3.298126697540283,9.031873302459717,-0.7325120277745107,molise
XGBoost,2024-2025,1,2025-01-12,2025-01-05,-1.0,9.57880434782609,3.4937593936920166,6.085044954134073,-0.6352614306727201,molise
ARIMA,2017-2018,2,2018-01-28,2018-02-04,1.0,43.19,4.64636938385884,38.54363061614116,-0.8924202504316082,molise
ARIMA,2018-2019,2,2019-01-27,2019-03-10,6.0,6.23,3.887652368022765,2.3423476319772356,-0.37597875312636203,molise
ARIMA,2019-2020,2,2020-02-02,2020-02-23,3.0,16.61,5.585522858876198,11.024477141123802,-0.6637252944686214,molise
ARIMA,2020-2021,2,2020-12-06,2020-12-27,3.0,1.21,2.110407364509434,0.9004073645094341,0.7441383177763918,molise
ARIMA,2021-2022,2,2021-11-28,2021-12-19,3.0,1.92,2.437973869767328,0.517973869767328,0.2697780571704833,molise
ARIMA,2022-2023,2,2023-01-08,2023-01-22,2.0,6.51,4.168513431962339,2.341486568037661,-0.3596753560733735,molise
ARIMA,2023-2024,2,2024-01-07,2024-01-21,2.0,12.33,5.190559623091601,7.139440376908399,-0.5790300386787023,molise
ARIMA,2024-2025,2,2025-01-12,2025-01-12,0.0,9.57880434782609,3.623397759983681,5.9554065878424085,-0.6217275530002853,molise
CatBoost,2017-2018,2,2018-01-28,2018-02-04,1.0,43.19,4.321311408117692,38.868688591882304,-0.8999464827942187,molise
CatBoost,2018-2019,2,2019-01-27,2019-03-10,6.0,6.23,2.8712231984074967,3.3587768015925037,-0.5391295026633232,molise
CatBoost,2019-2020,2,2020-02-02,2020-02-23,3.0,16.61,4.073364158857547,12.536635841142452,-0.7547643492560177,molise
CatBoost,2020-2021,2,2020-12-06,2021-02-21,11.0,1.21,2.206634057555569,0.996634057555569,0.8236645103765033,molise
CatBoost,2021-2022,2,2021-11-28,2022-04-10,19.0,1.92,9.429605464034132,7.5096054640341325,3.9112528458511107,molise
CatBoost,2022-2023,2,2023-01-08,2023-03-19,10.0,6.51,4.318997458575922,2.191002541424078,-0.3365595301726695,molise
CatBoost,2023-2024,2,2024-01-07,2024-01-21,2.0,12.33,6.200749773574602,6.129250226425398,-0.4971005860847849,molise
CatBoost,2024-2025,2,2025-01-12,2025-01-12,0.0,9.57880434782609,4.6031369559884165,4.975667391837673,-0.5194455603393654,molise
Chronos-Bolt-small,2017-2018,2,2018-01-28,2018-02-04,1.0,43.19,1.2604975700378418,41.929502429962156,-0.9708150597351738,molise
Chronos-Bolt-small,2018-2019,2,2019-01-27,2019-03-10,6.0,6.23,1.1146141290664673,5.115385870933533,-0.8210892248689459,molise
Chronos-Bolt-small,2019-2020,2,2020-02-02,2020-02-23,3.0,16.61,10.491999626159668,6.1180003738403315,-0.3683323524286774,molise
Chronos-Bolt-small,2020-2021,2,2020-12-06,2020-12-27,3.0,1.21,0.9152836799621582,0.29471632003784176,-0.24356720664284442,molise
Chronos-Bolt-small,2021-2022,2,2021-11-28,2021-12-19,3.0,1.92,1.299838662147522,0.620161337852478,-0.3230006967981656,molise
Chronos-Bolt-small,2022-2023,2,2023-01-08,2023-01-22,2.0,6.51,5.285882472991943,1.2241175270080564,-0.18803648648357243,molise
Chronos-Bolt-small,2023-2024,2,2024-01-07,2024-01-21,2.0,12.33,8.634307861328125,3.695692138671875,-0.2997317225200223,molise
Chronos-Bolt-small,2024-2025,2,2025-01-12,2025-01-12,0.0,9.57880434782609,5.255816459655762,4.322987888170328,-0.45130767172955466,molise
Chronos-V2,2017-2018,2,2018-01-28,2018-02-04,1.0,43.19,1.8129520416259768,41.37704795837402,-0.9580238008421862,molise
Chronos-V2,2018-2019,2,2019-01-27,2019-03-10,6.0,6.23,2.807290554046631,3.4227094459533696,-0.5493915643584862,molise
Chronos-V2,2019-2020,2,2020-02-02,2020-02-23,3.0,16.61,12.339122772216797,4.270877227783203,-0.2571268650080194,molise
Chronos-V2,2020-2021,2,2020-12-06,2020-12-27,3.0,1.21,0.6859986782073975,0.5240013217926025,-0.43305894363025,molise
Chronos-V2,2021-2022,2,2021-11-28,2022-04-10,19.0,1.92,1.0996631383895874,0.8203368616104125,-0.42725878208875656,molise
Chronos-V2,2022-2023,2,2023-01-08,2023-01-22,2.0,6.51,5.154411792755127,1.3555882072448728,-0.20823167546004193,molise
Chronos-V2,2023-2024,2,2024-01-07,2024-01-21,2.0,12.33,8.262282371520996,4.067717628479004,-0.3299041061215737,molise
Chronos-V2,2024-2025,2,2025-01-12,2025-01-12,0.0,9.57880434782609,5.786879062652588,3.7919252851735017,-0.39586624253726194,molise
Drift,2017-2018,2,2018-01-28,2018-02-04,1.0,43.19,19.577820512820512,23.612179487179485,-0.5467047809025118,molise
Drift,2018-2019,2,2019-01-27,2019-03-10,6.0,6.23,5.184574468085106,1.0454255319148942,-0.1678050613025512,molise
Drift,2019-2020,2,2020-02-02,2020-02-23,3.0,16.61,15.97933962264151,0.63066037735849,-0.037968716276850695,molise
Drift,2020-2021,2,2020-12-06,2020-12-27,3.0,1.21,0.9283636363636364,0.2816363636363636,-0.23275732531930873,molise
Drift,2021-2022,2,2021-11-28,2021-12-19,3.0,1.92,1.7542622950819673,0.16573770491803264,-0.08632172131147534,molise
Drift,2022-2023,2,2023-01-08,2023-01-22,2.0,6.51,6.557173913043478,0.047173913043478066,0.0072463768115941735,molise
Drift,2023-2024,2,2024-01-07,2024-01-21,2.0,12.33,10.197533333333334,2.132466666666666,-0.17294944579616106,molise
Drift,2024-2025,2,2025-01-12,2025-01-12,0.0,9.57880434782609,5.721838375235998,3.8569659725900918,-0.4026563057909655,molise
ETS,2017-2018,2,2018-01-28,2018-02-04,1.0,43.19,10.833011694769947,32.35698830523005,-0.7491777796997001,molise
ETS,2018-2019,2,2019-01-27,2019-03-10,6.0,6.23,4.292816125348038,1.9371838746519625,-0.3109444421592235,molise
ETS,2019-2020,2,2020-02-02,2020-02-23,3.0,16.61,14.76250340496616,1.8474965950338387,-0.1112279708027597,molise
ETS,2020-2021,2,2020-12-06,2020-12-27,3.0,1.21,1.0692350459169866,0.14076495408301337,-0.11633467279587882,molise
ETS,2021-2022,2,2021-11-28,2021-12-19,3.0,1.92,1.6523096233476726,0.2676903766523273,-0.13942207117308714,molise
ETS,2022-2023,2,2023-01-08,2023-01-22,2.0,6.51,6.082943237675083,0.4270567623249164,-0.0656001171006016,molise
ETS,2023-2024,2,2024-01-07,2024-01-21,2.0,12.33,8.556108965527168,3.7738910344728325,-0.306073887629589,molise
ETS,2024-2025,2,2025-01-12,2025-03-09,8.0,9.57880434782609,5.37729390004399,4.201510447782099,-0.43862577156987576,molise
LightGBM,2017-2018,2,2018-01-28,2018-02-04,1.0,43.19,6.041832645597951,37.14816735440205,-0.8601103809771254,molise
LightGBM,2018-2019,2,2019-01-27,2019-03-10,6.0,6.23,4.791547746466254,1.4384522535337467,-0.23089121244522418,molise
LightGBM,2019-2020,2,2020-02-02,2020-02-23,3.0,16.61,10.970557799305064,5.639442200694935,-0.3395209031122779,molise
LightGBM,2020-2021,2,2020-12-06,2021-04-18,19.0,1.21,2.526521869123322,1.316521869123322,1.088034602581258,molise
LightGBM,2021-2022,2,2021-11-28,2022-04-10,19.0,1.92,10.53206500944344,8.61206500944344,4.485450525751792,molise
LightGBM,2022-2023,2,2023-01-08,2023-01-22,2.0,6.51,5.06551117707516,1.44448882292484,-0.22188768401303227,molise
LightGBM,2023-2024,2,2024-01-07,2024-01-21,2.0,12.33,4.320157972057557,8.009842027942444,-0.6496222244884383,molise
LightGBM,2024-2025,2,2025-01-12,2025-01-12,0.0,9.57880434782609,4.380942439829363,5.197861907996726,-0.5426420374873177,molise
MovingAverage,2017-2018,2,2018-01-28,2018-04-01,9.0,43.19,2.726153846153846,40.46384615384615,-0.9368799757778687,molise
MovingAverage,2018-2019,2,2019-01-27,2019-03-10,6.0,6.23,2.990192307692308,3.2398076923076924,-0.5200333374490678,molise
MovingAverage,2019-2020,2,2020-02-02,2019-12-29,-5.0,16.61,3.48576923076923,13.12423076923077,-0.7901403232529062,molise
MovingAverage,2020-2021,2,2020-12-06,2020-12-27,3.0,1.21,3.39,2.18,1.8016528925619837,molise
MovingAverage,2021-2022,2,2021-11-28,2021-12-19,3.0,1.92,2.5044230769230773,0.5844230769230774,0.3043870192307695,molise
MovingAverage,2022-2023,2,2023-01-08,2023-03-19,10.0,6.51,1.7371153846153846,4.772884615384616,-0.7331619992910317,molise
MovingAverage,2023-2024,2,2024-01-07,2024-03-31,12.0,12.33,3.32326923076923,9.00673076923077,-0.7304728928816522,molise
MovingAverage,2024-2025,2,2025-01-12,2025-03-09,8.0,9.57880434782609,4.04851048856141,5.530293859264679,-0.5773469901303266,molise
Naive,2017-2018,2,2018-01-28,2018-02-04,1.0,43.19,19.33,23.86,-0.5524426950683029,molise
Naive,2018-2019,2,2019-01-27,2019-03-10,6.0,6.23,5.13,1.1000000000000005,-0.17656500802568226,molise
Naive,2019-2020,2,2020-02-02,2020-02-23,3.0,16.61,15.83,0.7799999999999994,-0.04695966285370255,molise
Naive,2020-2021,2,2020-12-06,2020-12-27,3.0,1.21,0.92,0.2899999999999999,-0.23966942148760326,molise
Naive,2021-2022,2,2021-11-28,2021-12-19,3.0,1.92,1.74,0.17999999999999994,-0.09374999999999997,molise
Naive,2022-2023,2,2023-01-08,2023-01-22,2.0,6.51,6.51,0.0,0.0,molise
Naive,2023-2024,2,2024-01-07,2024-01-21,2.0,12.33,10.13,2.1999999999999993,-0.17842660178426595,molise
Naive,2024-2025,2,2025-01-12,2025-01-12,0.0,9.57880434782609,5.68673507232044,3.8920692755056496,-0.4063209910315117,molise
Prophet,2017-2018,2,2018-01-28,2018-02-04,1.0,43.19,5.98940010655209,37.20059989344791,-0.8613243781766129,molise
Prophet,2018-2019,2,2019-01-27,2019-03-10,6.0,6.23,3.155410774945387,3.0745892250546136,-0.49351351927040343,molise
Prophet,2019-2020,2,2020-02-02,2020-02-23,3.0,16.61,2.895479316178938,13.71452068382106,-0.8256785480927791,molise
Prophet,2020-2021,2,2020-12-06,2021-04-18,19.0,1.21,3.2025343764541963,1.9925343764541963,1.6467226251687572,molise
Prophet,2021-2022,2,2021-11-28,2022-04-10,19.0,1.92,11.015007156656695,9.095007156656695,4.736982894092029,molise
Prophet,2022-2023,2,2023-01-08,2023-03-19,10.0,6.51,2.213108954531915,4.296891045468085,-0.6600447074451743,molise
Prophet,2023-2024,2,2024-01-07,2023-11-19,-7.0,12.33,3.203554017437204,9.126445982562796,-0.740182155925612,molise
Prophet,2024-2025,2,2025-01-12,2024-11-17,-8.0,9.57880434782609,2.9812525172206352,6.597551830605454,-0.6887656946561153,molise
Ridge,2017-2018,2,2018-01-28,2018-02-04,1.0,43.19,5.404474504935221,37.785525495064775,-0.8748674576305806,molise
Ridge,2018-2019,2,2019-01-27,2019-03-10,6.0,6.23,3.624198521728391,2.6058014782716095,-0.41826668993123745,molise
Ridge,2019-2020,2,2020-02-02,2020-02-23,3.0,16.61,6.807241920910526,9.802758079089473,-0.5901720697826294,molise
Ridge,2020-2021,2,2020-12-06,2021-02-21,11.0,1.21,2.292960736758213,1.082960736758213,0.8950088733538951,molise
Ridge,2021-2022,2,2021-11-28,2022-04-10,19.0,1.92,4.551209849883447,2.6312098498834473,1.3704217968142955,molise
Ridge,2022-2023,2,2023-01-08,2023-01-22,2.0,6.51,4.324546858244786,2.1854531417552137,-0.33570708782722175,molise
Ridge,2023-2024,2,2024-01-07,2024-01-21,2.0,12.33,5.04098337532255,7.28901662467745,-0.5911611212228265,molise
Ridge,2024-2025,2,2025-01-12,2025-01-12,0.0,9.57880434782609,4.287470951980015,5.291333395846075,-0.5524001956514483,molise
SARIMA,2017-2018,2,2018-01-28,2018-02-04,1.0,43.19,4.64636938385884,38.54363061614116,-0.8924202504316082,molise
SARIMA,2018-2019,2,2019-01-27,2019-03-10,6.0,6.23,3.887652368022765,2.3423476319772356,-0.37597875312636203,molise
SARIMA,2019-2020,2,2020-02-02,2020-02-23,3.0,16.61,5.585522858876198,11.024477141123802,-0.6637252944686214,molise
SARIMA,2020-2021,2,2020-12-06,2020-12-27,3.0,1.21,2.110407364509434,0.9004073645094341,0.7441383177763918,molise
SARIMA,2021-2022,2,2021-11-28,2022-04-10,19.0,1.92,2.541382666607628,0.6213826666076279,0.32363680552480617,molise
SARIMA,2022-2023,2,2023-01-08,2023-01-22,2.0,6.51,3.717819634779779,2.792180365220221,-0.42890635410448863,molise
SARIMA,2023-2024,2,2024-01-07,2024-01-21,2.0,12.33,5.5464782982564245,6.783521701743576,-0.5501639660781489,molise
SARIMA,2024-2025,2,2025-01-12,2025-01-12,0.0,9.57880434782609,3.804384375408551,5.7744199724175385,-0.6028330637871357,molise
SeasonalNaive,2017-2018,2,2018-01-28,2018-04-01,9.0,43.19,2.09,41.099999999999994,-0.9516091687890714,molise
SeasonalNaive,2018-2019,2,2019-01-27,2019-03-10,6.0,6.23,2.69,3.5400000000000005,-0.5682182985553772,molise
SeasonalNaive,2019-2020,2,2020-02-02,2019-11-03,-13.0,16.61,0.37,16.24,-0.9777242624924743,molise
SeasonalNaive,2020-2021,2,2020-12-06,2021-02-21,11.0,1.21,0.78,0.42999999999999994,-0.35537190082644626,molise
SeasonalNaive,2021-2022,2,2021-11-28,2022-04-10,19.0,1.92,11.5,9.58,4.989583333333334,molise
SeasonalNaive,2022-2023,2,2023-01-08,2023-01-22,2.0,6.51,0.57,5.9399999999999995,-0.912442396313364,molise
SeasonalNaive,2023-2024,2,2024-01-07,2024-03-31,12.0,12.33,1.4,10.93,-0.8864557988645579,molise
SeasonalNaive,2024-2025,2,2025-01-12,2025-03-09,8.0,9.57880434782609,4.01,5.56880434782609,-0.581367375886525,molise
TiRex,2017-2018,2,2018-01-28,2018-02-04,1.0,43.19,2.933865547180176,40.25613445281982,-0.9320707212970555,molise
TiRex,2018-2019,2,2019-01-27,2019-03-10,6.0,6.23,2.154278516769409,4.075721483230591,-0.6542089058155042,molise
TiRex,2019-2020,2,2020-02-02,2020-02-23,3.0,16.61,11.856101036071776,4.753898963928224,-0.28620704177773776,molise
TiRex,2020-2021,2,2020-12-06,2020-12-27,3.0,1.21,1.0167285203933716,0.19327147960662838,-0.1597284955426681,molise
TiRex,2021-2022,2,2021-11-28,2021-12-19,3.0,1.92,1.410335898399353,0.5096641016006469,-0.26545005291700363,molise
TiRex,2022-2023,2,2023-01-08,2023-01-22,2.0,6.51,5.192990303039551,1.317009696960449,-0.20230563701389387,molise
TiRex,2023-2024,2,2024-01-07,2024-01-21,2.0,12.33,7.772332191467285,4.557667808532715,-0.36964053597183416,molise
TiRex,2024-2025,2,2025-01-12,2025-01-12,0.0,9.57880434782609,4.851720809936523,4.727083537889566,-0.4934941111896056,molise
TimeGPT,2017-2018,2,2018-01-28,2018-02-04,1.0,43.19,5.777288,37.412712,-0.8662355174808983,molise
TimeGPT,2018-2019,2,2019-01-27,2019-03-10,6.0,6.23,4.1302204,2.0997796000000006,-0.3370432744783307,molise
TimeGPT,2019-2020,2,2020-02-02,2020-02-23,3.0,16.61,10.420745,6.189254999999999,-0.37262221553281155,molise
TimeGPT,2020-2021,2,2020-12-06,2020-12-27,3.0,1.21,0.9023698,0.30763019999999996,-0.2542398347107438,molise
TimeGPT,2021-2022,2,2021-11-28,2022-04-10,19.0,1.92,3.4826257,1.5626257,0.8138675520833333,molise
TimeGPT,2022-2023,2,2023-01-08,2023-01-22,2.0,6.51,5.0833707,1.4266293,-0.21914428571428574,molise
TimeGPT,2023-2024,2,2024-01-07,2024-01-21,2.0,12.33,7.522758,4.8072420000000005,-0.38988175182481755,molise
TimeGPT,2024-2025,2,2025-01-12,2025-03-09,8.0,9.57880434782609,5.15078,4.4280243478260894,-0.4622731801418441,molise
TimesFM,2017-2018,2,2018-01-28,2018-02-04,1.0,43.19,3.945677757263184,39.244322242736814,-0.9086437194428529,molise
TimesFM,2018-2019,2,2019-01-27,2019-03-10,6.0,6.23,1.4048094749450684,4.825190525054932,-0.7745089125288815,molise
TimesFM,2019-2020,2,2020-02-02,2020-02-23,3.0,16.61,10.747920989990234,5.862079010009765,-0.35292468452798104,molise
TimesFM,2020-2021,2,2020-12-06,2020-12-27,3.0,1.21,1.1777102947235107,0.03228970527648922,-0.02668570684007374,molise
TimesFM,2021-2022,2,2021-11-28,2022-04-10,19.0,1.92,1.232905387878418,0.687094612121582,-0.3578617771466573,molise
TimesFM,2022-2023,2,2023-01-08,2023-01-22,2.0,6.51,4.08006763458252,2.4299323654174794,-0.37326150006412895,molise
TimesFM,2023-2024,2,2024-01-07,2024-01-21,2.0,12.33,5.996644496917725,6.3333555030822755,-0.5136541365030232,molise
TimesFM,2024-2025,2,2025-01-12,2025-01-12,0.0,9.57880434782609,4.845034599304199,4.73376974852189,-0.49419213261164685,molise
XGBoost,2017-2018,2,2018-01-28,2018-04-01,9.0,43.19,1.1392805576324463,42.05071944236755,-0.9736216587721128,molise
XGBoost,2018-2019,2,2019-01-27,2019-03-10,6.0,6.23,3.4145936965942383,2.815406303405762,-0.4519111241421769,molise
XGBoost,2019-2020,2,2020-02-02,2020-02-23,3.0,16.61,6.720671653747559,9.88932834625244,-0.5953840063968959,molise
XGBoost,2020-2021,2,2020-12-06,2021-02-21,11.0,1.21,2.3307974338531494,1.1207974338531494,0.9262788709530161,molise
XGBoost,2021-2022,2,2021-11-28,2021-12-19,3.0,1.92,1.73212730884552,0.1878726911544799,-0.09785035997629163,molise
XGBoost,2022-2023,2,2023-01-08,2023-03-19,10.0,6.51,4.838578701019287,1.6714212989807127,-0.25674674331500963,molise
XGBoost,2023-2024,2,2024-01-07,2024-01-21,2.0,12.33,6.561097145080566,5.768902854919434,-0.46787533292128414,molise
XGBoost,2024-2025,2,2025-01-12,2025-01-12,0.0,9.57880434782609,4.527482986450195,5.051321361375894,-0.5273436201379655,molise
ARIMA,2017-2018,4,2018-01-28,2018-02-18,3.0,43.19,2.666238190703687,40.52376180929631,-0.9382672333710653,molise
ARIMA,2018-2019,4,2019-01-27,2019-03-24,8.0,6.23,2.492543012752229,3.7374569872477714,-0.599912839044586,molise
ARIMA,2019-2020,4,2020-02-02,2020-03-08,5.0,16.61,2.6951998414359704,13.914800158564029,-0.8377363129779669,molise
ARIMA,2020-2021,4,2020-12-06,2021-01-10,5.0,1.21,2.708925937375772,1.498925937375772,1.238781766426258,molise
ARIMA,2021-2022,4,2021-11-28,2021-11-07,-3.0,1.92,2.548374619527709,0.6283746195277091,0.32727844767068187,molise
ARIMA,2022-2023,4,2023-01-08,2023-02-05,4.0,6.51,2.500937038412673,4.009062961587327,-0.6158314841147968,molise
ARIMA,2023-2024,4,2024-01-07,2024-02-04,4.0,12.33,2.693457510348263,9.636542489651736,-0.7815525133537499,molise
ARIMA,2024-2025,4,2025-01-12,2025-03-23,10.0,9.57880434782609,2.727665640595664,6.851138707230426,-0.7152394451803676,molise
CatBoost,2017-2018,4,2018-01-28,2018-02-18,3.0,43.19,3.860812282406524,39.32918771759347,-0.9106086528731991,molise
CatBoost,2018-2019,4,2019-01-27,2019-03-24,8.0,6.23,3.202921609578352,3.0270783904216483,-0.4858873820901522,molise
CatBoost,2019-2020,4,2020-02-02,2020-03-08,5.0,16.61,5.388176894680395,11.221823105319604,-0.6756064482432032,molise
CatBoost,2020-2021,4,2020-12-06,2021-03-07,13.0,1.21,1.6893684673077192,0.4793684673077192,0.3961722870311729,molise
CatBoost,2021-2022,4,2021-11-28,2022-04-24,21.0,1.92,13.659768432072232,11.739768432072232,6.114462725037621,molise
CatBoost,2022-2023,4,2023-01-08,2023-02-05,4.0,6.51,5.700491121434688,0.8095088785653122,-0.12434852205304335,molise
CatBoost,2023-2024,4,2024-01-07,2024-02-04,4.0,12.33,6.087991257192144,6.242008742807856,-0.506245640130402,molise
CatBoost,2024-2025,4,2025-01-12,2025-01-26,2.0,9.57880434782609,5.009430278937478,4.569374068888612,-0.477029690028655,molise
Chronos-Bolt-small,2017-2018,4,2018-01-28,2018-02-18,3.0,43.19,0.555856466293335,42.63414353370666,-0.9871299729962182,molise
Chronos-Bolt-small,2018-2019,4,2019-01-27,2019-03-24,8.0,6.23,0.7446898221969604,5.48531017780304,-0.8804671232428635,molise
Chronos-Bolt-small,2019-2020,4,2020-02-02,2020-03-08,5.0,16.61,7.211469173431396,9.398530826568603,-0.5658356909433235,molise
Chronos-Bolt-small,2020-2021,4,2020-12-06,2021-03-07,13.0,1.21,1.2407479286193848,0.0307479286193848,0.02541151125568992,molise
Chronos-Bolt-small,2021-2022,4,2021-11-28,2022-01-02,5.0,1.92,1.071924090385437,0.8480759096145629,-0.44170620292425156,molise
Chronos-Bolt-small,2022-2023,4,2023-01-08,2023-02-05,4.0,6.51,4.261432647705078,2.2485673522949217,-0.34540205104376676,molise
Chronos-Bolt-small,2023-2024,4,2024-01-07,2024-02-04,4.0,12.33,7.226850986480713,5.103149013519287,-0.41388069858226173,molise
Chronos-Bolt-small,2024-2025,4,2025-01-12,2025-01-26,2.0,9.57880434782609,4.566760540008545,5.012043807817545,-0.5232431549721577,molise
Chronos-V2,2017-2018,4,2018-01-28,2018-02-18,3.0,43.19,0.9977742433547974,42.1922257566452,-0.9768980263173235,molise
Chronos-V2,2018-2019,4,2019-01-27,2019-03-24,8.0,6.23,1.8267796039581297,4.4032203960418705,-0.7067769496054367,molise
Chronos-V2,2019-2020,4,2020-02-02,2020-03-08,5.0,16.61,8.664063453674316,7.945936546325683,-0.47838269393893335,molise
Chronos-V2,2020-2021,4,2020-12-06,2021-03-07,13.0,1.21,1.329413652420044,0.11941365242004398,0.09868896894218511,molise
Chronos-V2,2021-2022,4,2021-11-28,2022-04-24,21.0,1.92,1.1684120893478394,0.7515879106521606,-0.39145203679800034,molise
Chronos-V2,2022-2023,4,2023-01-08,2023-02-05,4.0,6.51,4.25533390045166,2.2546660995483396,-0.34633887857885404,molise
Chronos-V2,2023-2024,4,2024-01-07,2024-02-04,4.0,12.33,7.187443256378174,5.142556743621826,-0.4170767837487288,molise
Chronos-V2,2024-2025,4,2025-01-12,2025-01-26,2.0,9.57880434782609,6.010663032531738,3.5681413152943513,-0.3725038309300201,molise
Drift,2017-2018,4,2018-01-28,2018-02-18,3.0,43.19,19.825641025641023,23.364358974358975,-0.5409668667367209,molise
Drift,2018-2019,4,2019-01-27,2019-03-24,8.0,6.23,5.239148936170213,0.9908510638297878,-0.1590451145794202,molise
Drift,2019-2020,4,2020-02-02,2020-03-08,5.0,16.61,16.12867924528302,0.4813207547169789,-0.02897776969999873,molise
Drift,2020-2021,4,2020-12-06,2021-01-10,5.0,1.21,0.9367272727272729,0.2732727272727271,-0.22584522915101415,molise
Drift,2021-2022,4,2021-11-28,2022-01-02,5.0,1.92,1.7685245901639344,0.15147540983606556,-0.07889344262295081,molise
Drift,2022-2023,4,2023-01-08,2023-02-05,4.0,6.51,6.604347826086956,0.09434782608695613,0.014492753623188347,molise
Drift,2023-2024,4,2024-01-07,2024-02-04,4.0,12.33,10.265066666666668,2.0649333333333324,-0.16747228980805615,molise
Drift,2024-2025,4,2025-01-12,2025-01-26,2.0,9.57880434782609,5.7569416781515566,3.821862669674533,-0.3989916205504192,molise
ETS,2017-2018,4,2018-01-28,2018-02-18,3.0,43.19,10.833011694769947,32.35698830523005,-0.7491777796997001,molise
ETS,2018-2019,4,2019-01-27,2019-03-24,8.0,6.23,4.292816125348038,1.9371838746519625,-0.3109444421592235,molise
ETS,2019-2020,4,2020-02-02,2020-03-08,5.0,16.61,14.76250340496616,1.8474965950338387,-0.1112279708027597,molise
ETS,2020-2021,4,2020-12-06,2021-01-10,5.0,1.21,1.0692350459169866,0.14076495408301337,-0.11633467279587882,molise
ETS,2021-2022,4,2021-11-28,2022-01-02,5.0,1.92,1.6523096233476726,0.2676903766523273,-0.13942207117308714,molise
ETS,2022-2023,4,2023-01-08,2023-02-05,4.0,6.51,6.082943237675083,0.4270567623249164,-0.0656001171006016,molise
ETS,2023-2024,4,2024-01-07,2024-02-04,4.0,12.33,8.556108965527168,3.7738910344728325,-0.306073887629589,molise
ETS,2024-2025,4,2025-01-12,2025-03-23,10.0,9.57880434782609,5.37729390004399,4.201510447782099,-0.43862577156987576,molise
LightGBM,2017-2018,4,2018-01-28,2018-04-15,11.0,43.19,6.702470929341769,36.487529070658226,-0.8448142873502715,molise
LightGBM,2018-2019,4,2019-01-27,2018-12-02,-8.0,6.23,8.478633943057353,2.248633943057353,0.36093642745703897,molise
LightGBM,2019-2020,4,2020-02-02,2020-03-08,5.0,16.61,10.169712854450683,6.440287145549316,-0.3877355295333725,molise
LightGBM,2020-2021,4,2020-12-06,2021-03-07,13.0,1.21,2.473272308119572,1.2632723081195723,1.0440267009252664,molise
LightGBM,2021-2022,4,2021-11-28,2022-04-24,21.0,1.92,13.0425305251674,11.1225305251674,5.792984648524688,molise
LightGBM,2022-2023,4,2023-01-08,2023-04-02,12.0,6.51,4.328997701156029,2.1810022988439703,-0.3350233945996882,molise
LightGBM,2023-2024,4,2024-01-07,2024-02-04,4.0,12.33,4.712960013905131,7.617039986094869,-0.6177648001699002,molise
LightGBM,2024-2025,4,2025-01-12,2025-01-26,2.0,9.57880434782609,5.90809835135748,3.6707059964686097,-0.38321129268097814,molise
MovingAverage,2017-2018,4,2018-01-28,2018-04-15,11.0,43.19,2.726153846153846,40.46384615384615,-0.9368799757778687,molise
MovingAverage,2018-2019,4,2019-01-27,2019-03-24,8.0,6.23,2.990192307692308,3.2398076923076924,-0.5200333374490678,molise
MovingAverage,2019-2020,4,2020-02-02,2020-01-12,-3.0,16.61,3.48576923076923,13.12423076923077,-0.7901403232529062,molise
MovingAverage,2020-2021,4,2020-12-06,2021-01-10,5.0,1.21,3.39,2.18,1.8016528925619837,molise
MovingAverage,2021-2022,4,2021-11-28,2021-11-07,-3.0,1.92,2.9611538461538465,1.0411538461538465,0.5422676282051284,molise
MovingAverage,2022-2023,4,2023-01-08,2023-04-02,12.0,6.51,1.7371153846153846,4.772884615384616,-0.7331619992910317,molise
MovingAverage,2023-2024,4,2024-01-07,2024-04-14,14.0,12.33,3.32326923076923,9.00673076923077,-0.7304728928816522,molise
MovingAverage,2024-2025,4,2025-01-12,2025-03-23,10.0,9.57880434782609,4.04851048856141,5.530293859264679,-0.5773469901303266,molise
Naive,2017-2018,4,2018-01-28,2018-02-18,3.0,43.19,19.33,23.86,-0.5524426950683029,molise
Naive,2018-2019,4,2019-01-27,2019-03-24,8.0,6.23,5.13,1.1000000000000005,-0.17656500802568226,molise
Naive,2019-2020,4,2020-02-02,2020-03-08,5.0,16.61,15.83,0.7799999999999994,-0.04695966285370255,molise
Naive,2020-2021,4,2020-12-06,2021-01-10,5.0,1.21,0.92,0.2899999999999999,-0.23966942148760326,molise
Naive,2021-2022,4,2021-11-28,2022-01-02,5.0,1.92,1.74,0.17999999999999994,-0.09374999999999997,molise
Naive,2022-2023,4,2023-01-08,2023-02-05,4.0,6.51,6.51,0.0,0.0,molise
Naive,2023-2024,4,2024-01-07,2024-02-04,4.0,12.33,10.13,2.1999999999999993,-0.17842660178426595,molise
Naive,2024-2025,4,2025-01-12,2025-01-26,2.0,9.57880434782609,5.68673507232044,3.8920692755056496,-0.4063209910315117,molise
Prophet,2017-2018,4,2018-01-28,2018-02-18,3.0,43.19,4.625111700290094,38.56488829970991,-0.8929124403730009,molise
Prophet,2018-2019,4,2019-01-27,2019-01-27,0.0,6.23,3.89176089366346,2.3382391063365406,-0.37531927870570475,molise
Prophet,2019-2020,4,2020-02-02,2020-01-12,-3.0,16.61,7.40768207666147,9.20231792333853,-0.5540227527596948,molise
Prophet,2020-2021,4,2020-12-06,2021-03-07,13.0,1.21,2.496259154727928,1.286259154727928,1.0630240948164695,molise
Prophet,2021-2022,4,2021-11-28,2022-04-24,21.0,1.92,7.141117664957173,5.221117664957173,2.7193321171651945,molise
Prophet,2022-2023,4,2023-01-08,2023-04-02,12.0,6.51,3.4283488291514788,3.081651170848521,-0.47337191564493414,molise
Prophet,2023-2024,4,2024-01-07,2024-04-14,14.0,12.33,5.29691139457569,7.03308860542431,-0.5704045908697737,molise
Prophet,2024-2025,4,2025-01-12,2024-12-01,-6.0,9.57880434782609,2.925001495701641,6.653802852124448,-0.6946381417253322,molise
Ridge,2017-2018,4,2018-01-28,2018-02-18,3.0,43.19,5.896383203959469,37.29361679604053,-0.8634780457522698,molise
Ridge,2018-2019,4,2019-01-27,2018-12-02,-8.0,6.23,3.7038621094869617,2.5261378905130387,-0.4054795971931041,molise
Ridge,2019-2020,4,2020-02-02,2020-01-12,-3.0,16.61,15.695487669405727,0.9145123305942722,-0.05505793682084721,molise
Ridge,2020-2021,4,2020-12-06,2021-03-07,13.0,1.21,3.020906079804996,1.810906079804996,1.4966165948801622,molise
Ridge,2021-2022,4,2021-11-28,2022-04-24,21.0,1.92,6.262922494147976,4.3429224941479765,2.2619387990354043,molise
Ridge,2022-2023,4,2023-01-08,2022-12-11,-4.0,6.51,3.311566020193464,3.198433979806536,-0.4913109031960885,molise
Ridge,2023-2024,4,2024-01-07,2024-02-04,4.0,12.33,1.883651723821049,10.44634827617895,-0.8472301927152434,molise
Ridge,2024-2025,4,2025-01-12,2025-01-26,2.0,9.57880434782609,3.5986064017727126,5.9801979460533765,-0.6243157004674161,molise
SARIMA,2017-2018,4,2018-01-28,2018-02-18,3.0,43.19,2.666238190703687,40.52376180929631,-0.9382672333710653,molise
SARIMA,2018-2019,4,2019-01-27,2019-03-24,8.0,6.23,2.492543012752229,3.7374569872477714,-0.599912839044586,molise
SARIMA,2019-2020,4,2020-02-02,2020-03-08,5.0,16.61,2.6951998414359704,13.914800158564029,-0.8377363129779669,molise
SARIMA,2020-2021,4,2020-12-06,2021-01-10,5.0,1.21,2.708925937375772,1.498925937375772,1.238781766426258,molise
SARIMA,2021-2022,4,2021-11-28,2022-04-24,21.0,1.92,3.5276370712730327,1.6076370712730328,0.8373109746213713,molise
SARIMA,2022-2023,4,2023-01-08,2023-02-05,4.0,6.51,2.2417083222566454,4.268291677743354,-0.6556515634014369,molise
SARIMA,2023-2024,4,2024-01-07,2024-02-04,4.0,12.33,2.792206253796129,9.53779374620387,-0.7735436939338095,molise
SARIMA,2024-2025,4,2025-01-12,2025-03-23,10.0,9.57880434782609,3.1284664208457422,6.450337926980348,-0.6733969807457496,molise
SeasonalNaive,2017-2018,4,2018-01-28,2018-02-18,3.0,43.19,0.0,43.19,-1.0,molise
SeasonalNaive,2018-2019,4,2019-01-27,2018-12-02,-8.0,6.23,2.28,3.9500000000000006,-0.6340288924558588,molise
SeasonalNaive,2019-2020,4,2020-02-02,2020-01-12,-3.0,16.61,19.33,2.719999999999999,0.16375677302829614,molise
SeasonalNaive,2020-2021,4,2020-12-06,2021-01-10,5.0,1.21,0.0,1.21,-1.0,molise
SeasonalNaive,2021-2022,4,2021-11-28,2022-04-24,21.0,1.92,15.83,13.91,7.244791666666667,molise
SeasonalNaive,2022-2023,4,2023-01-08,2022-12-11,-4.0,6.51,0.92,5.59,-0.858678955453149,molise
SeasonalNaive,2023-2024,4,2024-01-07,2023-12-03,-5.0,12.33,1.74,10.59,-0.8588807785888077,molise
SeasonalNaive,2024-2025,4,2025-01-12,2025-01-26,2.0,9.57880434782609,6.51,3.06880434782609,-0.3203744680851066,molise
TiRex,2017-2018,4,2018-01-28,2018-02-18,3.0,43.19,0.959792137145996,42.230207862854,-0.9777774453080343,molise
TiRex,2018-2019,4,2019-01-27,2019-03-24,8.0,6.23,1.607553243637085,4.6224467563629155,-0.7419657714868243,molise
TiRex,2019-2020,4,2020-02-02,2020-03-08,5.0,16.61,7.8550896644592285,8.754910335540771,-0.5270867149633216,molise
TiRex,2020-2021,4,2020-12-06,2021-01-10,5.0,1.21,1.1160883903503418,0.09391160964965817,-0.07761290053690757,molise
TiRex,2021-2022,4,2021-11-28,2022-04-24,21.0,1.92,1.203981876373291,0.7160181236267089,-0.3729261060555776,molise
TiRex,2022-2023,4,2023-01-08,2023-02-05,4.0,6.51,3.607932567596436,2.902067432403564,-0.44578608792681473,molise
TiRex,2023-2024,4,2024-01-07,2024-02-04,4.0,12.33,5.567678451538086,6.762321548461914,-0.5484445700293523,molise
TiRex,2024-2025,4,2025-01-12,2025-01-26,2.0,9.57880434782609,3.858312606811523,5.720491741014566,-0.597203109416556,molise
TimeGPT,2017-2018,4,2018-01-28,2018-02-18,3.0,43.19,3.082788,40.107212,-0.9286226441305858,molise
TimeGPT,2018-2019,4,2019-01-27,2019-03-24,8.0,6.23,2.9972255,3.2327745000000006,-0.5189044141252007,molise
TimeGPT,2019-2020,4,2020-02-02,2020-03-08,5.0,16.61,7.7369456,8.8730544,-0.5341995424443107,molise
TimeGPT,2020-2021,4,2020-12-06,2021-01-10,5.0,1.21,1.1835641,0.026435900000000068,-0.021847851239669477,molise
TimeGPT,2021-2022,4,2021-11-28,2022-04-24,21.0,1.92,4.9202533,3.0002533,1.5626319270833333,molise
TimeGPT,2022-2023,4,2023-01-08,2023-02-05,4.0,6.51,4.431334,2.078666,-0.3193035330261137,molise
TimeGPT,2023-2024,4,2024-01-07,2024-02-04,4.0,12.33,6.2914624,6.0385376,-0.4897435198702352,molise
TimeGPT,2024-2025,4,2025-01-12,2025-03-23,10.0,9.57880434782609,5.899976,3.67882834782609,-0.3840592431205676,molise
TimesFM,2017-2018,4,2018-01-28,2018-02-18,3.0,43.19,1.67353355884552,41.51646644115448,-0.9612518277646326,molise
TimesFM,2018-2019,4,2019-01-27,2019-03-24,8.0,6.23,1.0157908201217651,5.214209179878235,-0.8369517142661693,molise
TimesFM,2019-2020,4,2020-02-02,2020-03-08,5.0,16.61,7.638132095336914,8.971867904663085,-0.5401485794499149,molise
TimesFM,2020-2021,4,2020-12-06,2021-01-10,5.0,1.21,1.188810110092163,0.02118988990783688,-0.017512305708956098,molise
TimesFM,2021-2022,4,2021-11-28,2022-04-24,21.0,1.92,1.0795456171035769,0.840454382896423,-0.4377366577585537,molise
TimesFM,2022-2023,4,2023-01-08,2023-02-05,4.0,6.51,2.9726710319519043,3.5373289680480955,-0.5433685050765124,molise
TimesFM,2023-2024,4,2024-01-07,2024-02-04,4.0,12.33,4.445494651794434,7.8845053482055665,-0.6394570436500865,molise
TimesFM,2024-2025,4,2025-01-12,2025-01-26,2.0,9.57880434782609,4.352907180786133,5.225897167039957,-0.5455688389987812,molise
XGBoost,2017-2018,4,2018-01-28,2018-02-18,3.0,43.19,3.348597764968872,39.841402235031126,-0.9224682156756455,molise
XGBoost,2018-2019,4,2019-01-27,2018-12-02,-8.0,6.23,2.1103053092956543,4.119694690704346,-0.661267205570521,molise
XGBoost,2019-2020,4,2020-02-02,2020-03-08,5.0,16.61,8.173495292663574,8.436504707336425,-0.5079172009233248,molise
XGBoost,2020-2021,4,2020-12-06,2021-03-07,13.0,1.21,1.2244389057159424,0.014438905715942418,0.011932979930530925,molise
XGBoost,2021-2022,4,2021-11-28,2022-04-24,21.0,1.92,3.22755765914917,1.30755765914917,0.6810196141401927,molise
XGBoost,2022-2023,4,2023-01-08,2023-02-05,4.0,6.51,5.258747100830078,1.2512528991699217,-0.1922047464162706,molise
XGBoost,2023-2024,4,2024-01-07,2024-02-04,4.0,12.33,7.726130962371826,4.603869037628174,-0.37338759429263374,molise
XGBoost,2024-2025,4,2025-01-12,2025-01-26,2.0,9.57880434782609,3.797182083129883,5.781622264696207,-0.6035849626689939,molise
ARIMA,2017-2018,8,2018-01-28,2018-03-18,7.0,43.19,2.3632022929573804,40.826797707042616,-0.9452835773800097,molise
ARIMA,2018-2019,8,2019-01-27,2018-11-04,-12.0,6.23,2.5579896699110773,3.672010330088923,-0.5894077576386714,molise
ARIMA,2019-2020,8,2020-02-02,2019-12-15,-7.0,16.61,2.459356133482803,14.150643866517196,-0.8519352117108487,molise
ARIMA,2020-2021,8,2020-12-06,2021-02-07,9.0,1.21,2.708925937375772,1.498925937375772,1.238781766426258,molise
ARIMA,2021-2022,8,2021-11-28,2021-12-05,1.0,1.92,2.548374619527709,0.6283746195277091,0.32727844767068187,molise
ARIMA,2022-2023,8,2023-01-08,2023-04-30,16.0,6.51,2.44372264210865,4.06627735789135,-0.6246201778634947,molise
ARIMA,2023-2024,8,2024-01-07,2024-03-10,9.0,12.33,2.519043032407474,9.810956967592526,-0.7956980508996372,molise
ARIMA,2024-2025,8,2025-01-12,2025-04-20,14.0,9.57880434782609,2.682566796188749,6.89623755163734,-0.7199476365964654,molise
CatBoost,2017-2018,8,2018-01-28,2018-03-18,7.0,43.19,2.3032564800533524,40.88674351994665,-0.9466715332240484,molise
CatBoost,2018-2019,8,2019-01-27,2018-11-04,-12.0,6.23,3.377260748274016,2.8527392517259846,-0.45790357170561546,molise
CatBoost,2019-2020,8,2020-02-02,2020-02-09,1.0,16.61,4.13481212427746,12.47518787572254,-0.751064893180165,molise
CatBoost,2020-2021,8,2020-12-06,2021-04-04,17.0,1.21,3.872591614993951,2.6625916149939513,2.2004889380115302,molise
CatBoost,2021-2022,8,2021-11-28,2022-03-27,17.0,1.92,2.997584911258312,1.0775849112583122,0.561242141280371,molise
CatBoost,2022-2023,8,2023-01-08,2022-11-13,-8.0,6.51,6.150154232537628,0.35984576746237185,-0.05527584753646265,molise
CatBoost,2023-2024,8,2024-01-07,2024-03-10,9.0,12.33,2.416324132564035,9.913675867435964,-0.8040288619169477,molise
CatBoost,2024-2025,8,2025-01-12,2024-11-03,-10.0,9.57880434782609,10.774815391898564,1.196011044072474,0.12486016006203414,molise
Chronos-Bolt-small,2017-2018,8,2018-01-28,2018-03-18,7.0,43.19,0.1274378299713134,43.062562170028684,-0.9970493672152972,molise
Chronos-Bolt-small,2018-2019,8,2019-01-27,2018-12-30,-4.0,6.23,1.1309083700180054,5.099091629981995,-0.8184737768831453,molise
Chronos-Bolt-small,2019-2020,8,2020-02-02,2019-12-15,-7.0,16.61,1.5501519441604614,15.059848055839538,-0.9066735735002732,molise
Chronos-Bolt-small,2020-2021,8,2020-12-06,2020-12-13,1.0,1.21,3.4354827404022217,2.2254827404022217,1.8392419342167121,molise
Chronos-Bolt-small,2021-2022,8,2021-11-28,2022-01-30,9.0,1.92,0.8910861015319824,1.0289138984680175,-0.5358926554520925,molise
Chronos-Bolt-small,2022-2023,8,2023-01-08,2023-03-05,8.0,6.51,2.7411446571350098,3.76885534286499,-0.5789332323909355,molise
Chronos-Bolt-small,2023-2024,8,2024-01-07,2024-03-10,9.0,12.33,5.632363319396973,6.697636680603027,-0.5431984331389317,molise
Chronos-Bolt-small,2024-2025,8,2025-01-12,2024-12-29,-2.0,9.57880434782609,4.4433441162109375,5.135460231615152,-0.5361274794991137,molise
Chronos-V2,2017-2018,8,2018-01-28,2018-03-18,7.0,43.19,0.5740722417831421,42.615927758216856,-0.9867082138971257,molise
Chronos-V2,2018-2019,8,2019-01-27,2019-04-21,12.0,6.23,0.5621730089187622,5.667826991081238,-0.9097635619713063,molise
Chronos-V2,2019-2020,8,2020-02-02,2020-02-09,1.0,16.61,4.323997974395752,12.286002025604247,-0.73967501659267,molise
Chronos-V2,2020-2021,8,2020-12-06,2021-04-04,17.0,1.21,4.045895099639893,2.8358950996398926,2.3437149583800765,molise
Chronos-V2,2021-2022,8,2021-11-28,2022-01-30,9.0,1.92,0.3354229927062988,1.584577007293701,-0.825300524632136,molise
Chronos-V2,2022-2023,8,2023-01-08,2023-04-30,16.0,6.51,2.749913692474365,3.760086307525635,-0.5775862223541682,molise
Chronos-V2,2023-2024,8,2024-01-07,2024-03-10,9.0,12.33,5.387640953063965,6.942359046936035,-0.5630461514141147,molise
Chronos-V2,2024-2025,8,2025-01-12,2025-02-23,6.0,9.57880434782609,6.557677268981934,3.021127078844156,-0.31539709645805647,molise
Drift,2017-2018,8,2018-01-28,2018-03-18,7.0,43.19,20.32128205128205,22.868717948717947,-0.5294910384051389,molise
Drift,2018-2019,8,2019-01-27,2019-04-21,12.0,6.23,5.348297872340425,0.8817021276595751,-0.1415252211331581,molise
Drift,2019-2020,8,2020-02-02,2020-02-09,1.0,16.61,2.036862745098039,14.57313725490196,-0.8773712977063192,molise
Drift,2020-2021,8,2020-12-06,2020-12-13,1.0,1.21,16.42735849056604,15.217358490566038,12.576329331046313,molise
Drift,2021-2022,8,2021-11-28,2022-01-30,9.0,1.92,1.7970491803278688,0.12295081967213117,-0.06403688524590166,molise
Drift,2022-2023,8,2023-01-08,2023-03-05,8.0,6.51,6.698695652173913,0.18869565217391315,0.02898550724637683,molise
Drift,2023-2024,8,2024-01-07,2024-03-10,9.0,12.33,10.400133333333336,1.9298666666666637,-0.1565179778318462,molise
Drift,2024-2025,8,2025-01-12,2025-02-23,6.0,9.57880434782609,5.827148283982673,3.7516560638434164,-0.39166225006932676,molise
ETS,2017-2018,8,2018-01-28,2018-03-18,7.0,43.19,10.833011694769947,32.35698830523005,-0.7491777796997001,molise
ETS,2018-2019,8,2019-01-27,2019-04-21,12.0,6.23,4.292816125348038,1.9371838746519625,-0.3109444421592235,molise
ETS,2019-2020,8,2020-02-02,2020-02-09,1.0,16.61,1.7078061973121403,14.90219380268786,-0.8971820471214846,molise
ETS,2020-2021,8,2020-12-06,2020-12-13,1.0,1.21,14.76250340496616,13.55250340496616,11.200416037162116,molise
ETS,2021-2022,8,2021-11-28,2022-01-30,9.0,1.92,1.6523096233476726,0.2676903766523273,-0.13942207117308714,molise
ETS,2022-2023,8,2023-01-08,2023-03-05,8.0,6.51,6.082943237675083,0.4270567623249164,-0.0656001171006016,molise
ETS,2023-2024,8,2024-01-07,2024-03-10,9.0,12.33,8.556108965527168,3.7738910344728325,-0.306073887629589,molise
ETS,2024-2025,8,2025-01-12,2025-04-20,14.0,9.57880434782609,5.37729390004399,4.201510447782099,-0.43862577156987576,molise
LightGBM,2017-2018,8,2018-01-28,2018-03-18,7.0,43.19,4.432592312312937,38.75740768768706,-0.8973699395157922,molise
LightGBM,2018-2019,8,2019-01-27,2018-11-04,-12.0,6.23,3.6082641542358176,2.621735845764183,-0.42082437331688327,molise
LightGBM,2019-2020,8,2020-02-02,2020-02-09,1.0,16.61,13.38859264914652,3.221407350853479,-0.1939438501416905,molise
LightGBM,2020-2021,8,2020-12-06,2020-12-13,1.0,1.21,6.130534017651742,4.920534017651742,4.066557039381605,molise
LightGBM,2021-2022,8,2021-11-28,2022-03-27,17.0,1.92,1.7162853593830818,0.20371464061691813,-0.10610137532131153,molise
LightGBM,2022-2023,8,2023-01-08,2022-11-13,-8.0,6.51,7.415864925608315,0.9058649256083156,0.13914975815795938,molise
LightGBM,2023-2024,8,2024-01-07,2024-03-10,9.0,12.33,3.060084654471514,9.269915345528485,-0.7518179517865763,molise
LightGBM,2024-2025,8,2025-01-12,2024-11-03,-10.0,9.57880434782609,17.84614700075286,8.267342652926772,0.8630871195112202,molise
MovingAverage,2017-2018,8,2018-01-28,2018-03-18,7.0,43.19,1.540769230769231,41.64923076923077,-0.9643257876645235,molise
MovingAverage,2018-2019,8,2019-01-27,2019-04-21,12.0,6.23,2.990192307692308,3.2398076923076924,-0.5200333374490678,molise
MovingAverage,2019-2020,8,2020-02-02,2020-02-09,1.0,16.61,3.48576923076923,13.12423076923077,-0.7901403232529062,molise
MovingAverage,2020-2021,8,2020-12-06,2021-02-07,9.0,1.21,3.39,2.18,1.8016528925619837,molise
MovingAverage,2021-2022,8,2021-11-28,2021-12-05,1.0,1.92,2.9611538461538465,1.0411538461538465,0.5422676282051284,molise
MovingAverage,2022-2023,8,2023-01-08,2022-11-13,-8.0,6.51,2.1928846153846155,4.317115384615384,-0.663151364764268,molise
MovingAverage,2023-2024,8,2024-01-07,2024-03-10,9.0,12.33,2.639807692307692,9.690192307692309,-0.785903674589806,molise
MovingAverage,2024-2025,8,2025-01-12,2025-04-20,14.0,9.57880434782609,4.04851048856141,5.530293859264679,-0.5773469901303266,molise
Naive,2017-2018,8,2018-01-28,2018-03-18,7.0,43.19,19.33,23.86,-0.5524426950683029,molise
Naive,2018-2019,8,2019-01-27,2019-04-21,12.0,6.23,5.13,1.1000000000000005,-0.17656500802568226,molise
Naive,2019-2020,8,2020-02-02,2020-02-09,1.0,16.61,1.96,14.649999999999999,-0.8819987959060807,molise
Naive,2020-2021,8,2020-12-06,2020-12-13,1.0,1.21,15.83,14.620000000000001,12.082644628099175,molise
Naive,2021-2022,8,2021-11-28,2022-01-30,9.0,1.92,1.74,0.17999999999999994,-0.09374999999999997,molise
Naive,2022-2023,8,2023-01-08,2023-03-05,8.0,6.51,6.51,0.0,0.0,molise
Naive,2023-2024,8,2024-01-07,2024-03-10,9.0,12.33,10.13,2.1999999999999993,-0.17842660178426595,molise
Naive,2024-2025,8,2025-01-12,2025-02-23,6.0,9.57880434782609,5.68673507232044,3.8920692755056496,-0.4063209910315117,molise
Prophet,2017-2018,8,2018-01-28,2018-03-18,7.0,43.19,2.174429617689992,41.01557038231,-0.9496543269810143,molise
Prophet,2018-2019,8,2019-01-27,2019-02-24,4.0,6.23,3.5296887232130416,2.700311276786959,-0.4334368020524813,molise
Prophet,2019-2020,8,2020-02-02,2020-02-09,1.0,16.61,4.788316673164081,11.821683326835918,-0.7117208505018615,molise
Prophet,2020-2021,8,2020-12-06,2021-04-04,17.0,1.21,5.116663580605019,3.906663580605019,3.2286475872768756,molise
Prophet,2021-2022,8,2021-11-28,2022-03-27,17.0,1.92,6.084280015156873,4.164280015156873,2.168895841227538,molise
Prophet,2022-2023,8,2023-01-08,2022-11-13,-8.0,6.51,3.3864291560902444,3.1235708439097554,-0.47981118954066904,molise
Prophet,2023-2024,8,2024-01-07,2024-03-10,9.0,12.33,0.9605633290305442,11.369436670969456,-0.9220954315465901,molise
Prophet,2024-2025,8,2025-01-12,2024-11-03,-10.0,9.57880434782609,7.394533648186835,2.1842706996392547,-0.22803166452971504,molise
Ridge,2017-2018,8,2018-01-28,2018-03-18,7.0,43.19,1.1296055461845242,42.060394453815476,-0.9738456692247158,molise
Ridge,2018-2019,8,2019-01-27,2018-11-04,-12.0,6.23,3.647123853709199,2.5828761462908014,-0.41458686136288947,molise
Ridge,2019-2020,8,2020-02-02,2020-02-09,1.0,16.61,5.0418698643317015,11.568130135668298,-0.6964557577163334,molise
Ridge,2020-2021,8,2020-12-06,2021-04-04,17.0,1.21,3.231594227004014,2.021594227004014,1.67073903058183,molise
Ridge,2021-2022,8,2021-11-28,2022-03-27,17.0,1.92,4.418149514780477,2.4981495147804766,1.301119538948165,molise
Ridge,2022-2023,8,2023-01-08,2022-11-13,-8.0,6.51,4.734264357281703,1.7757356427182964,-0.2727704520304603,molise
Ridge,2023-2024,8,2024-01-07,2023-12-31,-1.0,12.33,1.1706825901673883,11.159317409832612,-0.9050541289401957,molise
Ridge,2024-2025,8,2025-01-12,2024-12-29,-2.0,9.57880434782609,3.2019690423978715,6.376835305428218,-0.6657235155737825,molise
SARIMA,2017-2018,8,2018-01-28,2018-03-18,7.0,43.19,2.3632022929573804,40.826797707042616,-0.9452835773800097,molise
SARIMA,2018-2019,8,2019-01-27,2018-11-04,-12.0,6.23,2.5579896699110773,3.672010330088923,-0.5894077576386714,molise
SARIMA,2019-2020,8,2020-02-02,2019-12-15,-7.0,16.61,2.459356133482803,14.150643866517196,-0.8519352117108487,molise
SARIMA,2020-2021,8,2020-12-06,2021-02-07,9.0,1.21,2.708925937375772,1.498925937375772,1.238781766426258,molise
SARIMA,2021-2022,8,2021-11-28,2021-12-05,1.0,1.92,2.569838361399016,0.649838361399016,0.3384574798953208,molise
SARIMA,2022-2023,8,2023-01-08,2022-11-13,-8.0,6.51,2.745587440477093,3.7644125595229068,-0.5782507771924588,molise
SARIMA,2023-2024,8,2024-01-07,2024-03-10,9.0,12.33,2.603171445394333,9.726828554605667,-0.7888749841529333,molise
SARIMA,2024-2025,8,2025-01-12,2025-04-20,14.0,9.57880434782609,2.8948057386113994,6.68399860921469,-0.6977904931038313,molise
SeasonalNaive,2017-2018,8,2018-01-28,2018-03-18,7.0,43.19,0.0,43.19,-1.0,molise
SeasonalNaive,2018-2019,8,2019-01-27,2018-11-04,-12.0,6.23,0.44,5.79,-0.9293739967897271,molise
SeasonalNaive,2019-2020,8,2020-02-02,2019-12-15,-7.0,16.61,0.0,16.61,-1.0,molise
SeasonalNaive,2020-2021,8,2020-12-06,2021-04-04,17.0,1.21,6.23,5.0200000000000005,4.148760330578513,molise
SeasonalNaive,2021-2022,8,2021-11-28,2022-03-27,17.0,1.92,4.69,2.7700000000000005,1.4427083333333337,molise
SeasonalNaive,2022-2023,8,2023-01-08,2022-11-13,-8.0,6.51,6.24,0.2699999999999996,-0.04147465437788012,molise
SeasonalNaive,2023-2024,8,2024-01-07,2024-03-10,9.0,12.33,0.99,11.34,-0.9197080291970803,molise
SeasonalNaive,2024-2025,8,2025-01-12,2024-12-29,-2.0,9.57880434782609,4.96,4.61880434782609,-0.48219007092198596,molise
TiRex,2017-2018,8,2018-01-28,2018-03-18,7.0,43.19,0.2407708168029785,42.94922918319702,-0.9944253110256315,molise
TiRex,2018-2019,8,2019-01-27,2019-04-21,12.0,6.23,1.848971366882324,4.381028633117676,-0.7032148688792417,molise
TiRex,2019-2020,8,2020-02-02,2019-12-15,-7.0,16.61,1.805713891983032,14.804286108016967,-0.8912875441310637,molise
TiRex,2020-2021,8,2020-12-06,2020-12-13,1.0,1.21,4.125251770019531,2.9152517700195313,2.409298983487216,molise
TiRex,2021-2022,8,2021-11-28,2022-01-30,9.0,1.92,0.7850004434585571,1.1349995565414428,-0.5911456023653349,molise
TiRex,2022-2023,8,2023-01-08,2023-03-05,8.0,6.51,2.3906729221343994,4.1193270778656,-0.6327691363848849,molise
TiRex,2023-2024,8,2024-01-07,2024-03-10,9.0,12.33,3.4833626747131348,8.846637325286865,-0.717488834167629,molise
TiRex,2024-2025,8,2025-01-12,2024-12-29,-2.0,9.57880434782609,2.9733633995056152,6.605440948320474,-0.6895892961650877,molise
TimeGPT,2017-2018,8,2018-01-28,2018-03-18,7.0,43.19,1.707376,41.482624,-0.960468256540866,molise
TimeGPT,2018-2019,8,2019-01-27,2019-04-21,12.0,6.23,2.1133363,4.1166637,-0.6607806902086677,molise
TimeGPT,2019-2020,8,2020-02-02,2020-02-09,1.0,16.61,3.2216926,13.388307399999999,-0.8060389765201685,molise
TimeGPT,2020-2021,8,2020-12-06,2020-12-13,1.0,1.21,5.8481846,4.6381846,3.8332104132231404,molise
TimeGPT,2021-2022,8,2021-11-28,2022-03-27,17.0,1.92,4.092049,2.1720490000000003,1.1312755208333336,molise
TimeGPT,2022-2023,8,2023-01-08,2023-03-05,8.0,6.51,3.4286773,3.0813227,-0.47332145929339475,molise
TimeGPT,2023-2024,8,2024-01-07,2024-03-10,9.0,12.33,4.924033,7.405967,-0.6006461476074615,molise
TimeGPT,2024-2025,8,2025-01-12,2025-04-20,14.0,9.57880434782609,4.3046503,5.27415404782609,-0.5506067204539009,molise
TimesFM,2017-2018,8,2018-01-28,2018-03-18,7.0,43.19,0.1597565412521362,43.03024345874786,-0.996301075682979,molise
TimesFM,2018-2019,8,2019-01-27,2018-11-04,-12.0,6.23,1.453377366065979,4.776622633934021,-0.766713103360196,molise
TimesFM,2019-2020,8,2020-02-02,2019-12-15,-7.0,16.61,1.6521320343017578,14.957867965698242,-0.9005338931787021,molise
TimesFM,2020-2021,8,2020-12-06,2020-12-13,1.0,1.21,4.3043646812438965,3.0943646812438965,2.5573261828461957,molise
TimesFM,2021-2022,8,2021-11-28,2022-01-30,9.0,1.92,0.7332155108451843,1.1867844891548156,-0.6181169214347998,molise
TimesFM,2022-2023,8,2023-01-08,2023-04-30,16.0,6.51,1.7137832641601562,4.7962167358398435,-0.7367460423717118,molise
TimesFM,2023-2024,8,2024-01-07,2024-03-10,9.0,12.33,2.802208185195923,9.527791814804077,-0.7727325072833802,molise
TimesFM,2024-2025,8,2025-01-12,2025-02-23,6.0,9.57880434782609,3.420072078704834,6.158732269121256,-0.6429541773153536,molise
XGBoost,2017-2018,8,2018-01-28,2018-03-18,7.0,43.19,1.468514919281006,41.72148508071899,-0.9659987284260012,molise
XGBoost,2018-2019,8,2019-01-27,2018-12-30,-4.0,6.23,1.552232265472412,4.677767734527588,-0.7508455432628552,molise
XGBoost,2019-2020,8,2020-02-02,2020-02-09,1.0,16.61,7.345573425292969,9.26442657470703,-0.5577619852322114,molise
XGBoost,2020-2021,8,2020-12-06,2020-12-13,1.0,1.21,6.836106300354004,5.626106300354004,4.649674628391739,molise
XGBoost,2021-2022,8,2021-11-28,2022-03-27,17.0,1.92,14.489330291748049,12.569330291748049,6.546526193618775,molise
XGBoost,2022-2023,8,2023-01-08,2023-03-05,8.0,6.51,5.700181007385254,0.8098189926147459,-0.12439615861977664,molise
XGBoost,2023-2024,8,2024-01-07,2024-03-10,9.0,12.33,3.178144693374634,9.151855306625366,-0.7422429283556664,molise
XGBoost,2024-2025,8,2025-01-12,2024-11-03,-10.0,9.57880434782609,10.31753921508789,0.738734867261801,0.0771218244403809,molise
